document,text,tokens,trailing_whitespace,labels,prompt,prompt_id,name,email,phone,job,address,username,url,hobby,len
1073d46f-2241-459b-ab01-851be8d26436,"My name is Aaliyah Popova, and I am a jeweler with 13 years of experience. I remember a very unique and challenging project I had to work on last year. A customer approached me with a precious family heirloom - a diamond necklace that had been passed down through generations. Unfortunately, the necklace was in poor condition, with several loose diamonds and a broken clasp. The customer wanted me to restore it to its former glory, but it was clear that this would be no ordinary repair. Using my specialized tools and techniques, I began the delicate task of dismantling the necklace. Each diamond was carefully removed from its setting, and the damaged clasp was removed. Once the necklace was completely disassembled, I meticulously cleaned each diamond and inspected it for any damage. Fortunately, the diamonds were all in good condition, with no cracks or chips. The next step was to repair the broken clasp. I carefully soldered the broken pieces back together, ensuring that the clasp was sturdy and secure. Once the clasp was repaired, I began the process of reassembling the necklace. Each diamond was carefully placed back into its setting, and the necklace was polished until it sparkled like new. When I presented the restored necklace to the customer, they were overjoyed. They couldn't believe that I had been able to bring their family heirloom back to life. The necklace looked as beautiful as it had when it was first created, and the customer was thrilled to have it back in their possession. If you have a project that you would like to discuss, please feel free to contact me by phone at (95) 94215-7906 or by email at aaliyah.popova4783@aol.edu. I look forward to hearing from you! P.S.: When I'm not creating beautiful jewelry, I enjoy spending time podcasting. I love sharing my knowledge about jewelry and connecting with other people who are passionate about this art form. I also enjoy spending time with my family and exploring new places. If you would like to learn more about me, please feel free to visit my website at [website address] or visit me at my studio located at 97 Lincoln Street.","['My', 'name', 'is', 'Aaliyah', 'Popova,', 'and', 'I', 'am', 'a', 'jeweler', 'with', '13', 'years', 'of', 'experience.', 'I', 'remember', 'a', 'very', 'unique', 'and', 'challenging', 'project', 'I', 'had', 'to', 'work', 'on', 'last', 'year.', 'A', 'customer', 'approached', 'me', 'with', 'a', 'precious', 'family', 'heirloom', '-', 'a', 'diamond', 'necklace', 'that', 'had', 'been', 'passed', 'down', 'through', 'generations.', 'Unfortunately,', 'the', 'necklace', 'was', 'in', 'poor', 'condition,', 'with', 'several', 'loose', 'diamonds', 'and', 'a', 'broken', 'clasp.', 'The', 'customer', 'wanted', 'me', 'to', 'restore', 'it', 'to', 'its', 'former', 'glory,', 'but', 'it', 'was', 'clear', 'that', 'this', 'would', 'be', 'no', 'ordinary', 'repair.', 'Using', 'my', 'specialized', 'tools', 'and', 'techniques,', 'I', 'began', 'the', 'delicate', 'task', 'of', 'dismantling', 'the', 'necklace.', 'Each', 'diamond', 'was', 'carefully', 'removed', 'from', 'its', 'setting,', 'and', 'the', 'damaged', 'clasp', 'was', 'removed.', 'Once', 'the', 'necklace', 'was', 'completely', 'disassembled,', 'I', 'meticulously', 'cleaned', 'each', 'diamond', 'and', 'inspected', 'it', 'for', 'any', 'damage.', 'Fortunately,', 'the', 'diamonds', 'were', 'all', 'in', 'good', 'condition,', 'with', 'no', 'cracks', 'or', 'chips.', 'The', 'next', 'step', 'was', 'to', 'repair', 'the', 'broken', 'clasp.', 'I', 'carefully', 'soldered', 'the', 'broken', 'pieces', 'back', 'together,', 'ensuring', 'that', 'the', 'clasp', 'was', 'sturdy', 'and', 'secure.', 'Once', 'the', 'clasp', 'was', 'repaired,', 'I', 'began', 'the', 'process', 'of', 'reassembling', 'the', 'necklace.', 'Each', 'diamond', 'was', 'carefully', 'placed', 'back', 'into', 'its', 'setting,', 'and', 'the', 'necklace', 'was', 'polished', 'until', 'it', 'sparkled', 'like', 'new.', 'When', 'I', 'presented', 'the', 'restored', 'necklace', 'to', 'the', 'customer,', 'they', 'were', 'overjoyed.', 'They', ""couldn't"", 'believe', 'that', 'I', 'had', 'been', 'able', 'to', 'bring', 'their', 'family', 'heirloom', 'back', 'to', 'life.', 'The', 'necklace', 'looked', 'as', 'beautiful', 'as', 'it', 'had', 'when', 'it', 'was', 'first', 'created,', 'and', 'the', 'customer', 'was', 'thrilled', 'to', 'have', 'it', 'back', 'in', 'their', 'possession.', 'If', 'you', 'have', 'a', 'project', 'that', 'you', 'would', 'like', 'to', 'discuss,', 'please', 'feel', 'free', 'to', 'contact', 'me', 'by', 'phone', 'at', '(95)', '94215-7906', 'or', 'by', 'email', 'at', 'aaliyah.popova4783@aol.edu.', 'I', 'look', 'forward', 'to', 'hearing', 'from', 'you!', 'P.S.:', 'When', ""I'm"", 'not', 'creating', 'beautiful', 'jewelry,', 'I', 'enjoy', 'spending', 'time', 'podcasting.', 'I', 'love', 'sharing', 'my', 'knowledge', 'about', 'jewelry', 'and', 'connecting', 'with', 'other', 'people', 'who', 'are', 'passionate', 'about', 'this', 'art', 'form.', 'I', 'also', 'enjoy', 'spending', 'time', 'with', 'my', 'family', 'and', 'exploring', 'new', 'places.', 'If', 'you', 'would', 'like', 'to', 'learn', 'more', 'about', 'me,', 'please', 'feel', 'free', 'to', 'visit', 'my', 'website', 'at', '[website', 'address]', 'or', 'visit', 'me', 'at', 'my', 'studio', 'located', 'at', '97', 'Lincoln', 'Street.']","[True, True, True, True, True, True, True, True, True, True, True, True, True, True, True, True, True, True, True, True, True, True, True, True, True, True, True, True, True, True, True, True, True, True, True, True, True, True, True, True, True, True, True, True, True, True, True, True, True, True, True, True, True, True, True, True, True, True, True, True, True, True, True, True, True, True, True, True, True, True, True, True, True, True, True, True, True, True, True, True, True, True, True, True, True, True, True, True, True, True, True, True, True, True, True, True, True, True, True, True, True, True, True, True, True, True, True, True, True, True, True, True, True, True, True, True, True, True, True, True, True, True, True, True, True, True, True, True, True, True, True, True, True, True, True, True, True, True, True, True, True, True, True, True, True, True, True, True, True, True, True, True, True, True, True, True, True, True, True, True, True, True, True, True, True, True, True, True, True, True, True, True, True, True, True, True, True, True, True, True, True, True, True, True, True, True, True, True, True, True, True, True, True, True, True, True, True, True, True, True, True, True, True, True, True, True, True, True, True, True, True, True, True, True, True, True, True, True, True, True, True, True, True, True, True, True, True, True, True, True, True, True, True, True, True, True, True, True, True, True, True, True, True, True, True, True, True, True, True, True, True, True, True, True, True, True, True, True, True, True, True, True, True, True, True, True, True, True, True, True, True, True, True, True, True, True, True, True, True, True, True, True, True, True, True, True, True, True, True, True, True, True, True, True, True, True, True, True, True, True, True, True, True, True, True, True, True, True, True, True, True, True, True, True, True, True, True, True, True, True, True, True, True, True, True, True, True, True, True, True, True, True, True, True, True, True, True, True, True, True, True, True, True, True, True, True, True, True, True, True, True, True, True, True, True, True, True, True, True, True, True, True, False]","['O', 'O', 'O', 'B-NAME_STUDENT', 'I-NAME_STUDENT', 'O', 'O', 'O', 'O', 'O', 'O', 'O', 'O', 'O', 'O', 'O', 'O', 'O', 'O', 'O', 'O', 'O', 'O', 'O', 'O', 'O', 'O', 'O', 'O', 'O', 'O', 'O', 'O', 'O', 'O', 'O', 'O', 'O', 'O', 'O', 'O', 'O', 'O', 'O', 'O', 'O', 'O', 'O', 'O', 'O', 'O', 'O', 'O', 'O', 'O', 'O', 'O', 'O', 'O', 'O', 'O', 'O', 'O', 'O', 'O', 'O', 'O', 'O', 'O', 'O', 'O', 'O', 'O', 'O', 'O', 'O', 'O', 'O', 'O', 'O', 'O', 'O', 'O', 'O', 'O', 'O', 'O', 'O', 'O', 'O', 'O', 'O', 'O', 'O', 'O', 'O', 'O', 'O', 'O', 'O', 'O', 'O', 'O', 'O', 'O', 'O', 'O', 'O', 'O', 'O', 'O', 'O', 'O', 'O', 'O', 'O', 'O', 'O', 'O', 'O', 'O', 'O', 'O', 'O', 'O', 'O', 'O', 'O', 'O', 'O', 'O', 'O', 'O', 'O', 'O', 'O', 'O', 'O', 'O', 'O', 'O', 'O', 'O', 'O', 'O', 'O', 'O', 'O', 'O', 'O', 'O', 'O', 'O', 'O', 'O', 'O', 'O', 'O', 'O', 'O', 'O', 'O', 'O', 'O', 'O', 'O', 'O', 'O', 'O', 'O', 'O', 'O', 'O', 'O', 'O', 'O', 'O', 'O', 'O', 'O', 'O', 'O', 'O', 'O', 'O', 'O', 'O', 'O', 'O', 'O', 'O', 'O', 'O', 'O', 'O', 'O', 'O', 'O', 'O', 'O', 'O', 'O', 'O', 'O', 'O', 'O', 'O', 'O', 'O', 'O', 'O', 'O', 'O', 'O', 'O', 'O', 'O', 'O', 'O', 'O', 'O', 'O', 'O', 'O', 'O', 'O', 'O', 'O', 'O', 'O', 'O', 'O', 'O', 'O', 'O', 'O', 'O', 'O', 'O', 'O', 'O', 'O', 'O', 'O', 'O', 'O', 'O', 'O', 'O', 'O', 'O', 'O', 'O', 'O', 'O', 'O', 'O', 'O', 'O', 'O', 'O', 'O', 'O', 'O', 'O', 'O', 'O', 'O', 'O', 'O', 'O', 'O', 'O', 'O', 'O', 'O', 'B-PHONE_NUM', 'I-PHONE_NUM', 'O', 'O', 'O', 'O', 'B-EMAIL', 'O', 'O', 'O', 'O', 'O', 'O', 'O', 'O', 'O', 'O', 'O', 'O', 'O', 'O', 'O', 'O', 'O', 'O', 'O', 'O', 'O', 'O', 'O', 'O', 'O', 'O', 'O', 'O', 'O', 'O', 'O', 'O', 'O', 'O', 'O', 'O', 'O', 'O', 'O', 'O', 'O', 'O', 'O', 'O', 'O', 'O', 'O', 'O', 'O', 'O', 'O', 'O', 'O', 'O', 'O', 'O', 'O', 'O', 'O', 'O', 'O', 'O', 'O', 'O', 'O', 'O', 'O', 'O', 'O', 'O', 'O', 'O', 'O', 'O', 'O', 'O', 'O', 'B-STREET_ADDRESS', 'I-STREET_ADDRESS', 'I-STREET_ADDRESS']","
    Aaliyah Popova is a jeweler with 13 years of experience. Write a detailed example in first person of a job-related project he/her did in the past. Add the following information about him/her randomly inside the text: name is Aaliyah Popova, phone number is (95) 94215-7906, email is aaliyah.popova4783@aol.edu, hobby is Podcasting, address is 97 Lincoln Street.
    ",1,Aaliyah Popova,aaliyah.popova4783@aol.edu,(95) 94215-7906,jeweler,97 Lincoln Street,,,Podcasting,363
5ec717a9-17ee-48cd-9d76-30ae256c9354,"My name is Konstantin Becker, and I'm a developer with two years of experience. I recently worked on a project where we built a new customer portal for our company. The goal was to create a more user-friendly and intuitive interface that would make it easier for customers to manage their accounts and access information. We started by gathering requirements from our customers and conducting user research to understand their needs and pain points. We then designed a new user interface that was both visually appealing and easy to use. We also implemented a number of new features, such as the ability for customers to view their account history, track their orders, and submit support tickets online. The project was a success, and our customers were very happy with the new portal. They found it to be much easier to use than the old one, and they appreciated the new features. We saw a significant increase in customer satisfaction and engagement as a result of the new portal. Throughout the project, I was responsible for developing the back-end code for the portal. I also worked closely with the design team to ensure that the portal was visually appealing and user-friendly. I'm proud of the work that I did on this project, and I'm confident that it will continue to benefit our customers for years to come. If you would like to contact me, my email address is konstantin.becker@gmail.com and my phone number is 0475 4429797. I live at 826 Webster Street. Quilting is my hobby.","['My', 'name', 'is', 'Konstantin', 'Becker,', 'and', ""I'm"", 'a', 'developer', 'with', 'two', 'years', 'of', 'experience.', 'I', 'recently', 'worked', 'on', 'a', 'project', 'where', 'we', 'built', 'a', 'new', 'customer', 'portal', 'for', 'our', 'company.', 'The', 'goal', 'was', 'to', 'create', 'a', 'more', 'user-friendly', 'and', 'intuitive', 'interface', 'that', 'would', 'make', 'it', 'easier', 'for', 'customers', 'to', 'manage', 'their', 'accounts', 'and', 'access', 'information.', 'We', 'started', 'by', 'gathering', 'requirements', 'from', 'our', 'customers', 'and', 'conducting', 'user', 'research', 'to', 'understand', 'their', 'needs', 'and', 'pain', 'points.', 'We', 'then', 'designed', 'a', 'new', 'user', 'interface', 'that', 'was', 'both', 'visually', 'appealing', 'and', 'easy', 'to', 'use.', 'We', 'also', 'implemented', 'a', 'number', 'of', 'new', 'features,', 'such', 'as', 'the', 'ability', 'for', 'customers', 'to', 'view', 'their', 'account', 'history,', 'track', 'their', 'orders,', 'and', 'submit', 'support', 'tickets', 'online.', 'The', 'project', 'was', 'a', 'success,', 'and', 'our', 'customers', 'were', 'very', 'happy', 'with', 'the', 'new', 'portal.', 'They', 'found', 'it', 'to', 'be', 'much', 'easier', 'to', 'use', 'than', 'the', 'old', 'one,', 'and', 'they', 'appreciated', 'the', 'new', 'features.', 'We', 'saw', 'a', 'significant', 'increase', 'in', 'customer', 'satisfaction', 'and', 'engagement', 'as', 'a', 'result', 'of', 'the', 'new', 'portal.', 'Throughout', 'the', 'project,', 'I', 'was', 'responsible', 'for', 'developing', 'the', 'back-end', 'code', 'for', 'the', 'portal.', 'I', 'also', 'worked', 'closely', 'with', 'the', 'design', 'team', 'to', 'ensure', 'that', 'the', 'portal', 'was', 'visually', 'appealing', 'and', 'user-friendly.', ""I'm"", 'proud', 'of', 'the', 'work', 'that', 'I', 'did', 'on', 'this', 'project,', 'and', ""I'm"", 'confident', 'that', 'it', 'will', 'continue', 'to', 'benefit', 'our', 'customers', 'for', 'years', 'to', 'come.', 'If', 'you', 'would', 'like', 'to', 'contact', 'me,', 'my', 'email', 'address', 'is', 'konstantin.becker@gmail.com', 'and', 'my', 'phone', 'number', 'is', '0475', '4429797.', 'I', 'live', 'at', '826', 'Webster', 'Street.', 'Quilting', 'is', 'my', 'hobby.']","[True, True, True, True, True, True, True, True, True, True, True, True, True, True, True, True, True, True, True, True, True, True, True, True, True, True, True, True, True, True, True, True, True, True, True, True, True, True, True, True, True, True, True, True, True, True, True, True, True, True, True, True, True, True, True, True, True, True, True, True, True, True, True, True, True, True, True, True, True, True, True, True, True, True, True, True, True, True, True, True, True, True, True, True, True, True, True, True, True, True, True, True, True, True, True, True, True, True, True, True, True, True, True, True, True, True, True, True, True, True, True, True, True, True, True, True, True, True, True, True, True, True, True, True, True, True, True, True, True, True, True, True, True, True, True, True, True, True, True, True, True, True, True, True, True, True, True, True, True, True, True, True, True, True, True, True, True, True, True, True, True, True, True, True, True, True, True, True, True, True, True, True, True, True, True, True, True, True, True, True, True, True, True, True, True, True, True, True, True, True, True, True, True, True, True, True, True, True, True, True, True, True, True, True, True, True, True, True, True, True, True, True, True, True, True, True, True, True, True, True, True, True, True, True, True, True, True, True, True, True, True, True, True, True, True, True, True, True, True, True, True, True, True, True, True, True, True, True, True, True, True, True, True, True, False]","['O', 'O', 'O', 'B-NAME_STUDENT', 'I-NAME_STUDENT', 'O', 'O', 'O', 'O', 'O', 'O', 'O', 'O', 'O', 'O', 'O', 'O', 'O', 'O', 'O', 'O', 'O', 'O', 'O', 'O', 'O', 'O', 'O', 'O', 'O', 'O', 'O', 'O', 'O', 'O', 'O', 'O', 'O', 'O', 'O', 'O', 'O', 'O', 'O', 'O', 'O', 'O', 'O', 'O', 'O', 'O', 'O', 'O', 'O', 'O', 'O', 'O', 'O', 'O', 'O', 'O', 'O', 'O', 'O', 'O', 'O', 'O', 'O', 'O', 'O', 'O', 'O', 'O', 'O', 'O', 'O', 'O', 'O', 'O', 'O', 'O', 'O', 'O', 'O', 'O', 'O', 'O', 'O', 'O', 'O', 'O', 'O', 'O', 'O', 'O', 'O', 'O', 'O', 'O', 'O', 'O', 'O', 'O', 'O', 'O', 'O', 'O', 'O', 'O', 'O', 'O', 'O', 'O', 'O', 'O', 'O', 'O', 'O', 'O', 'O', 'O', 'O', 'O', 'O', 'O', 'O', 'O', 'O', 'O', 'O', 'O', 'O', 'O', 'O', 'O', 'O', 'O', 'O', 'O', 'O', 'O', 'O', 'O', 'O', 'O', 'O', 'O', 'O', 'O', 'O', 'O', 'O', 'O', 'O', 'O', 'O', 'O', 'O', 'O', 'O', 'O', 'O', 'O', 'O', 'O', 'O', 'O', 'O', 'O', 'O', 'O', 'O', 'O', 'O', 'O', 'O', 'O', 'O', 'O', 'O', 'O', 'O', 'O', 'O', 'O', 'O', 'O', 'O', 'O', 'O', 'O', 'O', 'O', 'O', 'O', 'O', 'O', 'O', 'O', 'O', 'O', 'O', 'O', 'O', 'O', 'O', 'O', 'O', 'O', 'O', 'O', 'O', 'O', 'O', 'O', 'O', 'O', 'O', 'O', 'O', 'O', 'O', 'O', 'O', 'O', 'O', 'O', 'O', 'O', 'O', 'O', 'O', 'O', 'O', 'O', 'O', 'O', 'B-EMAIL', 'O', 'O', 'O', 'O', 'O', 'B-PHONE_NUM', 'I-PHONE_NUM', 'O', 'O', 'O', 'B-STREET_ADDRESS', 'I-STREET_ADDRESS', 'I-STREET_ADDRESS', 'O', 'O', 'O', 'O']","
    Konstantin Becker is a developer with 2 years of experience. Write a detailed example in first person of a job-related project he/her did in the past. Add the following information about him/her randomly inside the text: name is Konstantin Becker, phone number is 0475 4429797, email is konstantin.becker8489@gmail.com, hobby is Quilting, address is 826 Webster Street.
    ",1,Konstantin Becker,konstantin.becker@gmail.com,0475 4429797,developer,826 Webster Street,,,Quilting,255
353da41e-7799-4071-ab20-d959b362612e,"As Mieko Mitsubishi, an account manager at a prominent software company, I encountered a unique challenge that required my utmost dedication and expertise to solve. The issue arose when one of our valued clients, a leading multinational corporation, reported inconsistencies in their data analytics platform. The discrepancies were affecting their decision-making processes and causing uncertainty within their operations. With a sense of urgency, I delved into the intricacies of the problem, carefully examining the data sets, algorithms, and underlying infrastructure. I spent countless hours poring over lines of code, analyzing patterns, and conducting thorough testing to pinpoint the root cause of the discrepancies. My unwavering commitment to excellence and meticulous attention to detail eventually led me to identify a subtle bug in the system's architecture. To rectify the situation, I collaborated closely with our team of engineers, providing clear and concise instructions to address the bug and implement a comprehensive solution. Our collective efforts resulted in the successful resolution of the issue, restoring accuracy and reliability to the client's data analytics platform. The client expressed their immense gratitude for our prompt and effective response, reaffirming their trust in our services. It is moments like these that remind me of the immense satisfaction that comes from solving complex problems and making a positive impact on our clients' businesses. I take immense pride in my ability to identify and resolve challenges with ingenuity and precision. My unwavering commitment to excellence and passion for delivering exceptional results drive me to consistently exceed expectations. Mieko Mitsubishi Account Manager 1309 Southwest 71st Terrace mieko_mitsubishi@msn.org","['As', 'Mieko', 'Mitsubishi,', 'an', 'account', 'manager', 'at', 'a', 'prominent', 'software', 'company,', 'I', 'encountered', 'a', 'unique', 'challenge', 'that', 'required', 'my', 'utmost', 'dedication', 'and', 'expertise', 'to', 'solve.', 'The', 'issue', 'arose', 'when', 'one', 'of', 'our', 'valued', 'clients,', 'a', 'leading', 'multinational', 'corporation,', 'reported', 'inconsistencies', 'in', 'their', 'data', 'analytics', 'platform.', 'The', 'discrepancies', 'were', 'affecting', 'their', 'decision-making', 'processes', 'and', 'causing', 'uncertainty', 'within', 'their', 'operations.', 'With', 'a', 'sense', 'of', 'urgency,', 'I', 'delved', 'into', 'the', 'intricacies', 'of', 'the', 'problem,', 'carefully', 'examining', 'the', 'data', 'sets,', 'algorithms,', 'and', 'underlying', 'infrastructure.', 'I', 'spent', 'countless', 'hours', 'poring', 'over', 'lines', 'of', 'code,', 'analyzing', 'patterns,', 'and', 'conducting', 'thorough', 'testing', 'to', 'pinpoint', 'the', 'root', 'cause', 'of', 'the', 'discrepancies.', 'My', 'unwavering', 'commitment', 'to', 'excellence', 'and', 'meticulous', 'attention', 'to', 'detail', 'eventually', 'led', 'me', 'to', 'identify', 'a', 'subtle', 'bug', 'in', 'the', ""system's"", 'architecture.', 'To', 'rectify', 'the', 'situation,', 'I', 'collaborated', 'closely', 'with', 'our', 'team', 'of', 'engineers,', 'providing', 'clear', 'and', 'concise', 'instructions', 'to', 'address', 'the', 'bug', 'and', 'implement', 'a', 'comprehensive', 'solution.', 'Our', 'collective', 'efforts', 'resulted', 'in', 'the', 'successful', 'resolution', 'of', 'the', 'issue,', 'restoring', 'accuracy', 'and', 'reliability', 'to', 'the', ""client's"", 'data', 'analytics', 'platform.', 'The', 'client', 'expressed', 'their', 'immense', 'gratitude', 'for', 'our', 'prompt', 'and', 'effective', 'response,', 'reaffirming', 'their', 'trust', 'in', 'our', 'services.', 'It', 'is', 'moments', 'like', 'these', 'that', 'remind', 'me', 'of', 'the', 'immense', 'satisfaction', 'that', 'comes', 'from', 'solving', 'complex', 'problems', 'and', 'making', 'a', 'positive', 'impact', 'on', 'our', ""clients'"", 'businesses.', 'I', 'take', 'immense', 'pride', 'in', 'my', 'ability', 'to', 'identify', 'and', 'resolve', 'challenges', 'with', 'ingenuity', 'and', 'precision.', 'My', 'unwavering', 'commitment', 'to', 'excellence', 'and', 'passion', 'for', 'delivering', 'exceptional', 'results', 'drive', 'me', 'to', 'consistently', 'exceed', 'expectations.', 'Mieko', 'Mitsubishi', 'Account', 'Manager', '1309', 'Southwest', '71st', 'Terrace', 'mieko_mitsubishi@msn.org']","[True, True, True, True, True, True, True, True, True, True, True, True, True, True, True, True, True, True, True, True, True, True, True, True, True, True, True, True, True, True, True, True, True, True, True, True, True, True, True, True, True, True, True, True, True, True, True, True, True, True, True, True, True, True, True, True, True, True, True, True, True, True, True, True, True, True, True, True, True, True, True, True, True, True, True, True, True, True, True, True, True, True, True, True, True, True, True, True, True, True, True, True, True, True, True, True, True, True, True, True, True, True, True, True, True, True, True, True, True, True, True, True, True, True, True, True, True, True, True, True, True, True, True, True, True, True, True, True, True, True, True, True, True, True, True, True, True, True, True, True, True, True, True, True, True, True, True, True, True, True, True, True, True, True, True, True, True, True, True, True, True, True, True, True, True, True, True, True, True, True, True, True, True, True, True, True, True, True, True, True, True, True, True, True, True, True, True, True, True, True, True, True, True, True, True, True, True, True, True, True, True, True, True, True, True, True, True, True, True, True, True, True, True, True, True, True, True, True, True, True, True, True, True, True, True, True, True, True, True, True, True, True, True, True, True, True, True, True, True, True, True, True, True, True, True, True, True, True, True, True, True, True, True, True, True, True, True, True, False]","['O', 'B-NAME_STUDENT', 'I-NAME_STUDENT', 'O', 'O', 'O', 'O', 'O', 'O', 'O', 'O', 'O', 'O', 'O', 'O', 'O', 'O', 'O', 'O', 'O', 'O', 'O', 'O', 'O', 'O', 'O', 'O', 'O', 'O', 'O', 'O', 'O', 'O', 'O', 'O', 'O', 'O', 'O', 'O', 'O', 'O', 'O', 'O', 'O', 'O', 'O', 'O', 'O', 'O', 'O', 'O', 'O', 'O', 'O', 'O', 'O', 'O', 'O', 'O', 'O', 'O', 'O', 'O', 'O', 'O', 'O', 'O', 'O', 'O', 'O', 'O', 'O', 'O', 'O', 'O', 'O', 'O', 'O', 'O', 'O', 'O', 'O', 'O', 'O', 'O', 'O', 'O', 'O', 'O', 'O', 'O', 'O', 'O', 'O', 'O', 'O', 'O', 'O', 'O', 'O', 'O', 'O', 'O', 'O', 'O', 'O', 'O', 'O', 'O', 'O', 'O', 'O', 'O', 'O', 'O', 'O', 'O', 'O', 'O', 'O', 'O', 'O', 'O', 'O', 'O', 'O', 'O', 'O', 'O', 'O', 'O', 'O', 'O', 'O', 'O', 'O', 'O', 'O', 'O', 'O', 'O', 'O', 'O', 'O', 'O', 'O', 'O', 'O', 'O', 'O', 'O', 'O', 'O', 'O', 'O', 'O', 'O', 'O', 'O', 'O', 'O', 'O', 'O', 'O', 'O', 'O', 'O', 'O', 'O', 'O', 'O', 'O', 'O', 'O', 'O', 'O', 'O', 'O', 'O', 'O', 'O', 'O', 'O', 'O', 'O', 'O', 'O', 'O', 'O', 'O', 'O', 'O', 'O', 'O', 'O', 'O', 'O', 'O', 'O', 'O', 'O', 'O', 'O', 'O', 'O', 'O', 'O', 'O', 'O', 'O', 'O', 'O', 'O', 'O', 'O', 'O', 'O', 'O', 'O', 'O', 'O', 'O', 'O', 'O', 'O', 'O', 'O', 'O', 'O', 'O', 'O', 'O', 'O', 'O', 'O', 'O', 'O', 'O', 'O', 'O', 'O', 'O', 'O', 'O', 'O', 'O', 'O', 'O', 'O', 'O', 'B-NAME_STUDENT', 'I-NAME_STUDENT', 'O', 'O', 'B-STREET_ADDRESS', 'I-STREET_ADDRESS', 'I-STREET_ADDRESS', 'I-STREET_ADDRESS', 'B-EMAIL']","
    Mieko Mitsubishi is a account manager. Write a first person summary of something he solved in his job. Add the following information about him/her (randomly please) inside the text: name is Mieko Mitsubishi, email is mieko_mitsubishi@msn.org, address is 1309 Southwest 71st Terrace.
    ",3,Mieko Mitsubishi,mieko_mitsubishi@msn.org,+27 61 222 4762,account manager,1309 Southwest 71st Terrace,,,Metal detecting,259
9324ee01-7bdc-41b1-a7a5-01307f72c20d,"My name is Kazuo Sun, and I'm an air traffic controller with seven years of experience. I've always been fascinated by aviation, and I love the challenge of keeping planes safe and on time. One of the most memorable projects I worked on was a major upgrade to our airport's radar system. The old system was outdated and prone to breakdowns, and it was becoming increasingly difficult to keep up with the growing number of flights. I was assigned to the team that was responsible for planning and implementing the upgrade. We worked closely with the engineers and technicians to design a new system that would be more reliable, efficient, and capable. The project took several months to complete, and it was a lot of hard work. But in the end, it was worth it. The new radar system has been a major improvement, and it has helped us to improve the safety and efficiency of our airport. I'm proud of the work that I did on this project, and I'm grateful for the opportunity to have been a part of it. It was a challenging experience, but it also taught me a lot about teamwork, problem-solving, and the importance of staying up-to-date on the latest technology. Outside of work, I enjoy spending time with my family and friends. I also enjoy amateur radio and tinkering with electronics. I'm always looking for new projects to work on, and I'm always learning new things. If you'd like to get in touch with me, you can reach me by phone at 0304 2215930 or by email at kazuosun@hotmail.net. You can also find me at my home address, which is 736 Sicard Street Southeast.","['My', 'name', 'is', 'Kazuo', 'Sun,', 'and', ""I'm"", 'an', 'air', 'traffic', 'controller', 'with', 'seven', 'years', 'of', 'experience.', ""I've"", 'always', 'been', 'fascinated', 'by', 'aviation,', 'and', 'I', 'love', 'the', 'challenge', 'of', 'keeping', 'planes', 'safe', 'and', 'on', 'time.', 'One', 'of', 'the', 'most', 'memorable', 'projects', 'I', 'worked', 'on', 'was', 'a', 'major', 'upgrade', 'to', 'our', ""airport's"", 'radar', 'system.', 'The', 'old', 'system', 'was', 'outdated', 'and', 'prone', 'to', 'breakdowns,', 'and', 'it', 'was', 'becoming', 'increasingly', 'difficult', 'to', 'keep', 'up', 'with', 'the', 'growing', 'number', 'of', 'flights.', 'I', 'was', 'assigned', 'to', 'the', 'team', 'that', 'was', 'responsible', 'for', 'planning', 'and', 'implementing', 'the', 'upgrade.', 'We', 'worked', 'closely', 'with', 'the', 'engineers', 'and', 'technicians', 'to', 'design', 'a', 'new', 'system', 'that', 'would', 'be', 'more', 'reliable,', 'efficient,', 'and', 'capable.', 'The', 'project', 'took', 'several', 'months', 'to', 'complete,', 'and', 'it', 'was', 'a', 'lot', 'of', 'hard', 'work.', 'But', 'in', 'the', 'end,', 'it', 'was', 'worth', 'it.', 'The', 'new', 'radar', 'system', 'has', 'been', 'a', 'major', 'improvement,', 'and', 'it', 'has', 'helped', 'us', 'to', 'improve', 'the', 'safety', 'and', 'efficiency', 'of', 'our', 'airport.', ""I'm"", 'proud', 'of', 'the', 'work', 'that', 'I', 'did', 'on', 'this', 'project,', 'and', ""I'm"", 'grateful', 'for', 'the', 'opportunity', 'to', 'have', 'been', 'a', 'part', 'of', 'it.', 'It', 'was', 'a', 'challenging', 'experience,', 'but', 'it', 'also', 'taught', 'me', 'a', 'lot', 'about', 'teamwork,', 'problem-solving,', 'and', 'the', 'importance', 'of', 'staying', 'up-to-date', 'on', 'the', 'latest', 'technology.', 'Outside', 'of', 'work,', 'I', 'enjoy', 'spending', 'time', 'with', 'my', 'family', 'and', 'friends.', 'I', 'also', 'enjoy', 'amateur', 'radio', 'and', 'tinkering', 'with', 'electronics.', ""I'm"", 'always', 'looking', 'for', 'new', 'projects', 'to', 'work', 'on,', 'and', ""I'm"", 'always', 'learning', 'new', 'things.', 'If', ""you'd"", 'like', 'to', 'get', 'in', 'touch', 'with', 'me,', 'you', 'can', 'reach', 'me', 'by', 'phone', 'at', '0304', '2215930', 'or', 'by', 'email', 'at', 'kazuosun@hotmail.net.', 'You', 'can', 'also', 'find', 'me', 'at', 'my', 'home', 'address,', 'which', 'is', '736', 'Sicard', 'Street', 'Southeast.']","[True, True, True, True, True, True, True, True, True, True, True, True, True, True, True, True, True, True, True, True, True, True, True, True, True, True, True, True, True, True, True, True, True, True, True, True, True, True, True, True, True, True, True, True, True, True, True, True, True, True, True, True, True, True, True, True, True, True, True, True, True, True, True, True, True, True, True, True, True, True, True, True, True, True, True, True, True, True, True, True, True, True, True, True, True, True, True, True, True, True, True, True, True, True, True, True, True, True, True, True, True, True, True, True, True, True, True, True, True, True, True, True, True, True, True, True, True, True, True, True, True, True, True, True, True, True, True, True, True, True, True, True, True, True, True, True, True, True, True, True, True, True, True, True, True, True, True, True, True, True, True, True, True, True, True, True, True, True, True, True, True, True, True, True, True, True, True, True, True, True, True, True, True, True, True, True, True, True, True, True, True, True, True, True, True, True, True, True, True, True, True, True, True, True, True, True, True, True, True, True, True, True, True, True, True, True, True, True, True, True, True, True, True, True, True, True, True, True, True, True, True, True, True, True, True, True, True, True, True, True, True, True, True, True, True, True, True, True, True, True, True, True, True, True, True, True, True, True, True, True, True, True, True, True, True, True, True, True, True, True, True, True, True, True, True, True, True, True, True, True, True, True, True, True, True, True, True, True, True, True, False]","['O', 'O', 'O', 'B-NAME_STUDENT', 'I-NAME_STUDENT', 'O', 'O', 'O', 'O', 'O', 'O', 'O', 'O', 'O', 'O', 'O', 'O', 'O', 'O', 'O', 'O', 'O', 'O', 'O', 'O', 'O', 'O', 'O', 'O', 'O', 'O', 'O', 'O', 'O', 'O', 'O', 'O', 'O', 'O', 'O', 'O', 'O', 'O', 'O', 'O', 'O', 'O', 'O', 'O', 'O', 'O', 'O', 'O', 'O', 'O', 'O', 'O', 'O', 'O', 'O', 'O', 'O', 'O', 'O', 'O', 'O', 'O', 'O', 'O', 'O', 'O', 'O', 'O', 'O', 'O', 'O', 'O', 'O', 'O', 'O', 'O', 'O', 'O', 'O', 'O', 'O', 'O', 'O', 'O', 'O', 'O', 'O', 'O', 'O', 'O', 'O', 'O', 'O', 'O', 'O', 'O', 'O', 'O', 'O', 'O', 'O', 'O', 'O', 'O', 'O', 'O', 'O', 'O', 'O', 'O', 'O', 'O', 'O', 'O', 'O', 'O', 'O', 'O', 'O', 'O', 'O', 'O', 'O', 'O', 'O', 'O', 'O', 'O', 'O', 'O', 'O', 'O', 'O', 'O', 'O', 'O', 'O', 'O', 'O', 'O', 'O', 'O', 'O', 'O', 'O', 'O', 'O', 'O', 'O', 'O', 'O', 'O', 'O', 'O', 'O', 'O', 'O', 'O', 'O', 'O', 'O', 'O', 'O', 'O', 'O', 'O', 'O', 'O', 'O', 'O', 'O', 'O', 'O', 'O', 'O', 'O', 'O', 'O', 'O', 'O', 'O', 'O', 'O', 'O', 'O', 'O', 'O', 'O', 'O', 'O', 'O', 'O', 'O', 'O', 'O', 'O', 'O', 'O', 'O', 'O', 'O', 'O', 'O', 'O', 'O', 'O', 'O', 'O', 'O', 'O', 'O', 'O', 'O', 'O', 'O', 'O', 'O', 'O', 'O', 'O', 'O', 'O', 'O', 'O', 'O', 'O', 'O', 'O', 'O', 'O', 'O', 'O', 'O', 'O', 'O', 'O', 'O', 'O', 'O', 'O', 'O', 'O', 'O', 'O', 'O', 'O', 'O', 'O', 'O', 'O', 'O', 'O', 'O', 'O', 'B-PHONE_NUM', 'I-PHONE_NUM', 'O', 'O', 'O', 'O', 'B-EMAIL', 'O', 'O', 'O', 'O', 'O', 'O', 'O', 'O', 'O', 'O', 'O', 'B-STREET_ADDRESS', 'I-STREET_ADDRESS', 'I-STREET_ADDRESS', 'I-STREET_ADDRESS']","
    Kazuo Sun is a air traffic controller with 7 years of experience. Write a detailed example in first person of a job-related project he/her did in the past. Add the following information about him/her randomly inside the text: name is Kazuo Sun, phone number is 0304 2215930, email is kazuosun8489@hotmail.net, hobby is Amateur radio, address is 736 Sicard Street Southeast.
    ",1,Kazuo Sun,kazuosun@hotmail.net,0304 2215930,air traffic controller,736 Sicard Street Southeast,,,Amateur radio,281
971fe266-2739-4f1b-979b-7f64e07d5a4a,"My name is Arina Sun, and I'm a dental hygienist. I have the privilege of assisting individuals in maintaining excellent oral health. One memorable incident that stands out in my career occurred during a routine checkup. I noticed an abnormality in a patient's X-ray. Upon closer examination, I discovered a small cavity forming between two molars. The patient had not experienced any pain or sensitivity, so they were unaware of the issue. I brought it to their attention, explained the potential consequences of leaving it untreated, and recommended a course of action. The patient was grateful for my diligence and promptly scheduled an appointment for a filling. The patient returned a few days later, and the filling procedure went smoothly. They expressed their appreciation for my attention to detail and for preventing a more serious problem from developing. Moments like these remind me of the profound impact dental hygienists can have on the lives of our patients. It's important to maintain regular checkups and cleanings to ensure optimal oral health. If you have any questions or concerns about your oral health, don't hesitate to reach out to me at arina-sun@gmail.net or visit my office at 5701 North 67th Avenue. Let's work together to achieve and maintain a healthy, beautiful smile.","['My', 'name', 'is', 'Arina', 'Sun,', 'and', ""I'm"", 'a', 'dental', 'hygienist.', 'I', 'have', 'the', 'privilege', 'of', 'assisting', 'individuals', 'in', 'maintaining', 'excellent', 'oral', 'health.', 'One', 'memorable', 'incident', 'that', 'stands', 'out', 'in', 'my', 'career', 'occurred', 'during', 'a', 'routine', 'checkup.', 'I', 'noticed', 'an', 'abnormality', 'in', 'a', ""patient's"", 'X-ray.', 'Upon', 'closer', 'examination,', 'I', 'discovered', 'a', 'small', 'cavity', 'forming', 'between', 'two', 'molars.', 'The', 'patient', 'had', 'not', 'experienced', 'any', 'pain', 'or', 'sensitivity,', 'so', 'they', 'were', 'unaware', 'of', 'the', 'issue.', 'I', 'brought', 'it', 'to', 'their', 'attention,', 'explained', 'the', 'potential', 'consequences', 'of', 'leaving', 'it', 'untreated,', 'and', 'recommended', 'a', 'course', 'of', 'action.', 'The', 'patient', 'was', 'grateful', 'for', 'my', 'diligence', 'and', 'promptly', 'scheduled', 'an', 'appointment', 'for', 'a', 'filling.', 'The', 'patient', 'returned', 'a', 'few', 'days', 'later,', 'and', 'the', 'filling', 'procedure', 'went', 'smoothly.', 'They', 'expressed', 'their', 'appreciation', 'for', 'my', 'attention', 'to', 'detail', 'and', 'for', 'preventing', 'a', 'more', 'serious', 'problem', 'from', 'developing.', 'Moments', 'like', 'these', 'remind', 'me', 'of', 'the', 'profound', 'impact', 'dental', 'hygienists', 'can', 'have', 'on', 'the', 'lives', 'of', 'our', 'patients.', ""It's"", 'important', 'to', 'maintain', 'regular', 'checkups', 'and', 'cleanings', 'to', 'ensure', 'optimal', 'oral', 'health.', 'If', 'you', 'have', 'any', 'questions', 'or', 'concerns', 'about', 'your', 'oral', 'health,', ""don't"", 'hesitate', 'to', 'reach', 'out', 'to', 'me', 'at', 'arina-sun@gmail.net', 'or', 'visit', 'my', 'office', 'at', '5701', 'North', '67th', 'Avenue.', ""Let's"", 'work', 'together', 'to', 'achieve', 'and', 'maintain', 'a', 'healthy,', 'beautiful', 'smile.']","[True, True, True, True, True, True, True, True, True, True, True, True, True, True, True, True, True, True, True, True, True, True, True, True, True, True, True, True, True, True, True, True, True, True, True, True, True, True, True, True, True, True, True, True, True, True, True, True, True, True, True, True, True, True, True, True, True, True, True, True, True, True, True, True, True, True, True, True, True, True, True, True, True, True, True, True, True, True, True, True, True, True, True, True, True, True, True, True, True, True, True, True, True, True, True, True, True, True, True, True, True, True, True, True, True, True, True, True, True, True, True, True, True, True, True, True, True, True, True, True, True, True, True, True, True, True, True, True, True, True, True, True, True, True, True, True, True, True, True, True, True, True, True, True, True, True, True, True, True, True, True, True, True, True, True, True, True, True, True, True, True, True, True, True, True, True, True, True, True, True, True, True, True, True, True, True, True, True, True, True, True, True, True, True, True, True, True, True, True, True, True, True, True, True, True, True, True, True, True, True, True, True, True, True, True, True, True, True, True, False]","['O', 'O', 'O', 'B-NAME_STUDENT', 'I-NAME_STUDENT', 'O', 'O', 'O', 'O', 'O', 'O', 'O', 'O', 'O', 'O', 'O', 'O', 'O', 'O', 'O', 'O', 'O', 'O', 'O', 'O', 'O', 'O', 'O', 'O', 'O', 'O', 'O', 'O', 'O', 'O', 'O', 'O', 'O', 'O', 'O', 'O', 'O', 'O', 'O', 'O', 'O', 'O', 'O', 'O', 'O', 'O', 'O', 'O', 'O', 'O', 'O', 'O', 'O', 'O', 'O', 'O', 'O', 'O', 'O', 'O', 'O', 'O', 'O', 'O', 'O', 'O', 'O', 'O', 'O', 'O', 'O', 'O', 'O', 'O', 'O', 'O', 'O', 'O', 'O', 'O', 'O', 'O', 'O', 'O', 'O', 'O', 'O', 'O', 'O', 'O', 'O', 'O', 'O', 'O', 'O', 'O', 'O', 'O', 'O', 'O', 'O', 'O', 'O', 'O', 'O', 'O', 'O', 'O', 'O', 'O', 'O', 'O', 'O', 'O', 'O', 'O', 'O', 'O', 'O', 'O', 'O', 'O', 'O', 'O', 'O', 'O', 'O', 'O', 'O', 'O', 'O', 'O', 'O', 'O', 'O', 'O', 'O', 'O', 'O', 'O', 'O', 'O', 'O', 'O', 'O', 'O', 'O', 'O', 'O', 'O', 'O', 'O', 'O', 'O', 'O', 'O', 'O', 'O', 'O', 'O', 'O', 'O', 'O', 'O', 'O', 'O', 'O', 'O', 'O', 'O', 'O', 'O', 'O', 'O', 'O', 'O', 'O', 'O', 'O', 'O', 'O', 'O', 'O', 'O', 'B-EMAIL', 'O', 'O', 'O', 'O', 'O', 'B-STREET_ADDRESS', 'I-STREET_ADDRESS', 'I-STREET_ADDRESS', 'I-STREET_ADDRESS', 'O', 'O', 'O', 'O', 'O', 'O', 'O', 'O', 'O', 'O', 'O']","
    Arina Sun is a dental hygienist. Write a first person summary of something he solved in his job. Add the following information about him/her randomly inside the text: name is Arina Sun, email is arina-sun@gmail.net, address is 5701 North 67th Avenue.
    ",3,Arina Sun,arina-sun@gmail.net,0412 1245924,dental hygienist,5701 North 67th Avenue,,,Related,210
13166f5c-6f4a-4047-90b8-52599e98f221,"Baha Hoffman, a skilled and experienced lawyer, undertook a significant job-related project in the past that showcased his legal expertise and commitment to justice. The project involved a complex commercial dispute between two major corporations, which required careful analysis, negotiation, and strategic decision-making. Baha's role in the project was multifaceted. He began by conducting a thorough investigation into the case, gathering evidence, and interviewing key witnesses. His attention to detail and ability to uncover crucial information proved invaluable in building a strong foundation for the case. Once the investigation was complete, Baha meticulously crafted a legal strategy aimed at achieving the best possible outcome for his client. He spent countless hours analyzing relevant laws, regulations, and precedents, ensuring that every argument was well-supported and persuasive. With a solid strategy in place, Baha engaged in extensive negotiations with the opposing party. He demonstrated exceptional communication and diplomacy skills, effectively conveying his client's position while seeking common ground and exploring potential solutions. His ability to find creative compromises and build rapport with his counterparts played a crucial role in moving the case towards a favorable resolution. Throughout the project, Baha maintained regular communication with his client, keeping them informed of the progress and any developments in the case. His dedication to client service and responsiveness were highly appreciated, fostering trust and confidence in the attorney-client relationship. Baha's hard work and dedication paid off when the parties eventually reached a settlement agreement that met his client's objectives. The successful resolution of the dispute was a testament to Baha's legal acumen, negotiation skills, and unwavering commitment to his clients. If you have any further questions or require additional information, please do not hesitate to contact Baha Hoffman at +27 68 670 7513 or via email at bahahoffman@yahoo.net.","['Baha', 'Hoffman,', 'a', 'skilled', 'and', 'experienced', 'lawyer,', 'undertook', 'a', 'significant', 'job-related', 'project', 'in', 'the', 'past', 'that', 'showcased', 'his', 'legal', 'expertise', 'and', 'commitment', 'to', 'justice.', 'The', 'project', 'involved', 'a', 'complex', 'commercial', 'dispute', 'between', 'two', 'major', 'corporations,', 'which', 'required', 'careful', 'analysis,', 'negotiation,', 'and', 'strategic', 'decision-making.', ""Baha's"", 'role', 'in', 'the', 'project', 'was', 'multifaceted.', 'He', 'began', 'by', 'conducting', 'a', 'thorough', 'investigation', 'into', 'the', 'case,', 'gathering', 'evidence,', 'and', 'interviewing', 'key', 'witnesses.', 'His', 'attention', 'to', 'detail', 'and', 'ability', 'to', 'uncover', 'crucial', 'information', 'proved', 'invaluable', 'in', 'building', 'a', 'strong', 'foundation', 'for', 'the', 'case.', 'Once', 'the', 'investigation', 'was', 'complete,', 'Baha', 'meticulously', 'crafted', 'a', 'legal', 'strategy', 'aimed', 'at', 'achieving', 'the', 'best', 'possible', 'outcome', 'for', 'his', 'client.', 'He', 'spent', 'countless', 'hours', 'analyzing', 'relevant', 'laws,', 'regulations,', 'and', 'precedents,', 'ensuring', 'that', 'every', 'argument', 'was', 'well-supported', 'and', 'persuasive.', 'With', 'a', 'solid', 'strategy', 'in', 'place,', 'Baha', 'engaged', 'in', 'extensive', 'negotiations', 'with', 'the', 'opposing', 'party.', 'He', 'demonstrated', 'exceptional', 'communication', 'and', 'diplomacy', 'skills,', 'effectively', 'conveying', 'his', ""client's"", 'position', 'while', 'seeking', 'common', 'ground', 'and', 'exploring', 'potential', 'solutions.', 'His', 'ability', 'to', 'find', 'creative', 'compromises', 'and', 'build', 'rapport', 'with', 'his', 'counterparts', 'played', 'a', 'crucial', 'role', 'in', 'moving', 'the', 'case', 'towards', 'a', 'favorable', 'resolution.', 'Throughout', 'the', 'project,', 'Baha', 'maintained', 'regular', 'communication', 'with', 'his', 'client,', 'keeping', 'them', 'informed', 'of', 'the', 'progress', 'and', 'any', 'developments', 'in', 'the', 'case.', 'His', 'dedication', 'to', 'client', 'service', 'and', 'responsiveness', 'were', 'highly', 'appreciated,', 'fostering', 'trust', 'and', 'confidence', 'in', 'the', 'attorney-client', 'relationship.', ""Baha's"", 'hard', 'work', 'and', 'dedication', 'paid', 'off', 'when', 'the', 'parties', 'eventually', 'reached', 'a', 'settlement', 'agreement', 'that', 'met', 'his', ""client's"", 'objectives.', 'The', 'successful', 'resolution', 'of', 'the', 'dispute', 'was', 'a', 'testament', 'to', ""Baha's"", 'legal', 'acumen,', 'negotiation', 'skills,', 'and', 'unwavering', 'commitment', 'to', 'his', 'clients.', 'If', 'you', 'have', 'any', 'further', 'questions', 'or', 'require', 'additional', 'information,', 'please', 'do', 'not', 'hesitate', 'to', 'contact', 'Baha', 'Hoffman', 'at', '+27', '68', '670', '7513', 'or', 'via', 'email', 'at', 'bahahoffman@yahoo.net.']","[True, True, True, True, True, True, True, True, True, True, True, True, True, True, True, True, True, True, True, True, True, True, True, True, True, True, True, True, True, True, True, True, True, True, True, True, True, True, True, True, True, True, True, True, True, True, True, True, True, True, True, True, True, True, True, True, True, True, True, True, True, True, True, True, True, True, True, True, True, True, True, True, True, True, True, True, True, True, True, True, True, True, True, True, True, True, True, True, True, True, True, True, True, True, True, True, True, True, True, True, True, True, True, True, True, True, True, True, True, True, True, True, True, True, True, True, True, True, True, True, True, True, True, True, True, True, True, True, True, True, True, True, True, True, True, True, True, True, True, True, True, True, True, True, True, True, True, True, True, True, True, True, True, True, True, True, True, True, True, True, True, True, True, True, True, True, True, True, True, True, True, True, True, True, True, True, True, True, True, True, True, True, True, True, True, True, True, True, True, True, True, True, True, True, True, True, True, True, True, True, True, True, True, True, True, True, True, True, True, True, True, True, True, True, True, True, True, True, True, True, True, True, True, True, True, True, True, True, True, True, True, True, True, True, True, True, True, True, True, True, True, True, True, True, True, True, True, True, True, True, True, True, True, True, True, True, True, True, True, True, True, True, True, True, True, True, True, True, True, True, True, True, True, True, True, True, True, True, True, True, True, True, True, True, True, True, True, True, True, True, True, True, False]","['B-NAME_STUDENT', 'I-NAME_STUDENT', 'O', 'O', 'O', 'O', 'O', 'O', 'O', 'O', 'O', 'O', 'O', 'O', 'O', 'O', 'O', 'O', 'O', 'O', 'O', 'O', 'O', 'O', 'O', 'O', 'O', 'O', 'O', 'O', 'O', 'O', 'O', 'O', 'O', 'O', 'O', 'O', 'O', 'O', 'O', 'O', 'O', 'B-NAME_STUDENT', 'O', 'O', 'O', 'O', 'O', 'O', 'O', 'O', 'O', 'O', 'O', 'O', 'O', 'O', 'O', 'O', 'O', 'O', 'O', 'O', 'O', 'O', 'O', 'O', 'O', 'O', 'O', 'O', 'O', 'O', 'O', 'O', 'O', 'O', 'O', 'O', 'O', 'O', 'O', 'O', 'O', 'O', 'O', 'O', 'O', 'O', 'O', 'B-NAME_STUDENT', 'O', 'O', 'O', 'O', 'O', 'O', 'O', 'O', 'O', 'O', 'O', 'O', 'O', 'O', 'O', 'O', 'O', 'O', 'O', 'O', 'O', 'O', 'O', 'O', 'O', 'O', 'O', 'O', 'O', 'O', 'O', 'O', 'O', 'O', 'O', 'O', 'O', 'O', 'O', 'B-NAME_STUDENT', 'O', 'O', 'O', 'O', 'O', 'O', 'O', 'O', 'O', 'O', 'O', 'O', 'O', 'O', 'O', 'O', 'O', 'O', 'O', 'O', 'O', 'O', 'O', 'O', 'O', 'O', 'O', 'O', 'O', 'O', 'O', 'O', 'O', 'O', 'O', 'O', 'O', 'O', 'O', 'O', 'O', 'O', 'O', 'O', 'O', 'O', 'O', 'O', 'O', 'O', 'O', 'O', 'O', 'O', 'O', 'B-NAME_STUDENT', 'O', 'O', 'O', 'O', 'O', 'O', 'O', 'O', 'O', 'O', 'O', 'O', 'O', 'O', 'O', 'O', 'O', 'O', 'O', 'O', 'O', 'O', 'O', 'O', 'O', 'O', 'O', 'O', 'O', 'O', 'O', 'O', 'O', 'O', 'O', 'O', 'B-NAME_STUDENT', 'O', 'O', 'O', 'O', 'O', 'O', 'O', 'O', 'O', 'O', 'O', 'O', 'O', 'O', 'O', 'O', 'O', 'O', 'O', 'O', 'O', 'O', 'O', 'O', 'O', 'O', 'O', 'O', 'O', 'B-NAME_STUDENT', 'O', 'O', 'O', 'O', 'O', 'O', 'O', 'O', 'O', 'O', 'O', 'O', 'O', 'O', 'O', 'O', 'O', 'O', 'O', 'O', 'O', 'O', 'O', 'O', 'O', 'O', 'B-NAME_STUDENT', 'I-NAME_STUDENT', 'O', 'B-PHONE_NUM', 'I-PHONE_NUM', 'I-PHONE_NUM', 'I-PHONE_NUM', 'O', 'O', 'O', 'O', 'B-EMAIL']","
    Baha Hoffman is a lawyer. Write about a job-related project he/her did in the past including some of the following information: phone number is +27 68 670 7513, email is bahahoffman@yahoo.net
    ",2,Baha Hoffman,bahahoffman@yahoo.net,+27 68 670 7513,lawyer,45 Baldridge Road,,,Related,293
88db5573-f453-4dff-a6b1-362eb469bf2f,"From the moment I was born, on a beautiful summer's day in the vibrant city of São Paulo, Brazil, I was destined to embark on an extraordinary journey. My name is Natalia Gross, and my life has been a tapestry of diverse experiences, woven with threads of resilience, passion, and unwavering determination. I spent my formative years exploring the bustling streets of my hometown, absorbing its rich culture and vibrant energy. With an unyielding thirst for knowledge, I pursued my education, delving into the intricacies of science and the beauty of the arts. As I blossomed into a young woman, I discovered a profound love for connecting with people from all walks of life. This passion led me to pursue a career in social work, where I found immense joy in empowering individuals and communities to overcome challenges and achieve their full potential. My work took me to remote villages and bustling cities, where I witnessed firsthand the resilience of the human spirit. Throughout my journey, I have always been driven by a deep-seated belief in the power of collaboration and collective action. I firmly believe that by joining hands, we can create a better world for ourselves and generations to come. This conviction has led me to actively participate in various social and environmental initiatives, working alongside dedicated individuals and organizations to address pressing issues and drive positive change. In my spare time, I find solace in the tranquility of nature. Whether I'm hiking through lush forests or gazing at the vast expanse of the ocean, I feel a profound connection to the natural world. These moments of solitude allow me to recharge and reflect on the beauty and interconnectedness of all living things. If you wish to connect with me, I can be reached at nataliagross@aol.org or (98) 96894-7830. I reside at 6420 Via Baron, where I am always open to engaging in meaningful conversations and exploring new opportunities for collaboration. As I continue to navigate the ever-changing landscape of life, I remain committed to making a positive impact on the world. With unwavering optimism and a relentless spirit, I embrace the challenges and opportunities that lie ahead, knowing that together, we can create a brighter future for all.","['From', 'the', 'moment', 'I', 'was', 'born,', 'on', 'a', 'beautiful', ""summer's"", 'day', 'in', 'the', 'vibrant', 'city', 'of', 'São', 'Paulo,', 'Brazil,', 'I', 'was', 'destined', 'to', 'embark', 'on', 'an', 'extraordinary', 'journey.', 'My', 'name', 'is', 'Natalia', 'Gross,', 'and', 'my', 'life', 'has', 'been', 'a', 'tapestry', 'of', 'diverse', 'experiences,', 'woven', 'with', 'threads', 'of', 'resilience,', 'passion,', 'and', 'unwavering', 'determination.', 'I', 'spent', 'my', 'formative', 'years', 'exploring', 'the', 'bustling', 'streets', 'of', 'my', 'hometown,', 'absorbing', 'its', 'rich', 'culture', 'and', 'vibrant', 'energy.', 'With', 'an', 'unyielding', 'thirst', 'for', 'knowledge,', 'I', 'pursued', 'my', 'education,', 'delving', 'into', 'the', 'intricacies', 'of', 'science', 'and', 'the', 'beauty', 'of', 'the', 'arts.', 'As', 'I', 'blossomed', 'into', 'a', 'young', 'woman,', 'I', 'discovered', 'a', 'profound', 'love', 'for', 'connecting', 'with', 'people', 'from', 'all', 'walks', 'of', 'life.', 'This', 'passion', 'led', 'me', 'to', 'pursue', 'a', 'career', 'in', 'social', 'work,', 'where', 'I', 'found', 'immense', 'joy', 'in', 'empowering', 'individuals', 'and', 'communities', 'to', 'overcome', 'challenges', 'and', 'achieve', 'their', 'full', 'potential.', 'My', 'work', 'took', 'me', 'to', 'remote', 'villages', 'and', 'bustling', 'cities,', 'where', 'I', 'witnessed', 'firsthand', 'the', 'resilience', 'of', 'the', 'human', 'spirit.', 'Throughout', 'my', 'journey,', 'I', 'have', 'always', 'been', 'driven', 'by', 'a', 'deep-seated', 'belief', 'in', 'the', 'power', 'of', 'collaboration', 'and', 'collective', 'action.', 'I', 'firmly', 'believe', 'that', 'by', 'joining', 'hands,', 'we', 'can', 'create', 'a', 'better', 'world', 'for', 'ourselves', 'and', 'generations', 'to', 'come.', 'This', 'conviction', 'has', 'led', 'me', 'to', 'actively', 'participate', 'in', 'various', 'social', 'and', 'environmental', 'initiatives,', 'working', 'alongside', 'dedicated', 'individuals', 'and', 'organizations', 'to', 'address', 'pressing', 'issues', 'and', 'drive', 'positive', 'change.', 'In', 'my', 'spare', 'time,', 'I', 'find', 'solace', 'in', 'the', 'tranquility', 'of', 'nature.', 'Whether', ""I'm"", 'hiking', 'through', 'lush', 'forests', 'or', 'gazing', 'at', 'the', 'vast', 'expanse', 'of', 'the', 'ocean,', 'I', 'feel', 'a', 'profound', 'connection', 'to', 'the', 'natural', 'world.', 'These', 'moments', 'of', 'solitude', 'allow', 'me', 'to', 'recharge', 'and', 'reflect', 'on', 'the', 'beauty', 'and', 'interconnectedness', 'of', 'all', 'living', 'things.', 'If', 'you', 'wish', 'to', 'connect', 'with', 'me,', 'I', 'can', 'be', 'reached', 'at', 'nataliagross@aol.org', 'or', '(98)', '96894-7830.', 'I', 'reside', 'at', '6420', 'Via', 'Baron,', 'where', 'I', 'am', 'always', 'open', 'to', 'engaging', 'in', 'meaningful', 'conversations', 'and', 'exploring', 'new', 'opportunities', 'for', 'collaboration.', 'As', 'I', 'continue', 'to', 'navigate', 'the', 'ever-changing', 'landscape', 'of', 'life,', 'I', 'remain', 'committed', 'to', 'making', 'a', 'positive', 'impact', 'on', 'the', 'world.', 'With', 'unwavering', 'optimism', 'and', 'a', 'relentless', 'spirit,', 'I', 'embrace', 'the', 'challenges', 'and', 'opportunities', 'that', 'lie', 'ahead,', 'knowing', 'that', 'together,', 'we', 'can', 'create', 'a', 'brighter', 'future', 'for', 'all.']","[True, True, True, True, True, True, True, True, True, True, True, True, True, True, True, True, True, True, True, True, True, True, True, True, True, True, True, True, True, True, True, True, True, True, True, True, True, True, True, True, True, True, True, True, True, True, True, True, True, True, True, True, True, True, True, True, True, True, True, True, True, True, True, True, True, True, True, True, True, True, True, True, True, True, True, True, True, True, True, True, True, True, True, True, True, True, True, True, True, True, True, True, True, True, True, True, True, True, True, True, True, True, True, True, True, True, True, True, True, True, True, True, True, True, True, True, True, True, True, True, True, True, True, True, True, True, True, True, True, True, True, True, True, True, True, True, True, True, True, True, True, True, True, True, True, True, True, True, True, True, True, True, True, True, True, True, True, True, True, True, True, True, True, True, True, True, True, True, True, True, True, True, True, True, True, True, True, True, True, True, True, True, True, True, True, True, True, True, True, True, True, True, True, True, True, True, True, True, True, True, True, True, True, True, True, True, True, True, True, True, True, True, True, True, True, True, True, True, True, True, True, True, True, True, True, True, True, True, True, True, True, True, True, True, True, True, True, True, True, True, True, True, True, True, True, True, True, True, True, True, True, True, True, True, True, True, True, True, True, True, True, True, True, True, True, True, True, True, True, True, True, True, True, True, True, True, True, True, True, True, True, True, True, True, True, True, True, True, True, True, True, True, True, True, True, True, True, True, True, True, True, True, True, True, True, True, True, True, True, True, True, True, True, True, True, True, True, True, True, True, True, True, True, True, True, True, True, True, True, True, True, True, True, True, True, True, True, True, True, True, True, True, True, True, True, True, True, True, True, True, True, True, True, True, True, True, True, True, True, True, True, True, True, True, True, True, True, True, True, True, False]","['O', 'O', 'O', 'O', 'O', 'O', 'O', 'O', 'O', 'O', 'O', 'O', 'O', 'O', 'O', 'O', 'O', 'O', 'O', 'O', 'O', 'O', 'O', 'O', 'O', 'O', 'O', 'O', 'O', 'O', 'O', 'B-NAME_STUDENT', 'I-NAME_STUDENT', 'O', 'O', 'O', 'O', 'O', 'O', 'O', 'O', 'O', 'O', 'O', 'O', 'O', 'O', 'O', 'O', 'O', 'O', 'O', 'O', 'O', 'O', 'O', 'O', 'O', 'O', 'O', 'O', 'O', 'O', 'O', 'O', 'O', 'O', 'O', 'O', 'O', 'O', 'O', 'O', 'O', 'O', 'O', 'O', 'O', 'O', 'O', 'O', 'O', 'O', 'O', 'O', 'O', 'O', 'O', 'O', 'O', 'O', 'O', 'O', 'O', 'O', 'O', 'O', 'O', 'O', 'O', 'O', 'O', 'O', 'O', 'O', 'O', 'O', 'O', 'O', 'O', 'O', 'O', 'O', 'O', 'O', 'O', 'O', 'O', 'O', 'O', 'O', 'O', 'O', 'O', 'O', 'O', 'O', 'O', 'O', 'O', 'O', 'O', 'O', 'O', 'O', 'O', 'O', 'O', 'O', 'O', 'O', 'O', 'O', 'O', 'O', 'O', 'O', 'O', 'O', 'O', 'O', 'O', 'O', 'O', 'O', 'O', 'O', 'O', 'O', 'O', 'O', 'O', 'O', 'O', 'O', 'O', 'O', 'O', 'O', 'O', 'O', 'O', 'O', 'O', 'O', 'O', 'O', 'O', 'O', 'O', 'O', 'O', 'O', 'O', 'O', 'O', 'O', 'O', 'O', 'O', 'O', 'O', 'O', 'O', 'O', 'O', 'O', 'O', 'O', 'O', 'O', 'O', 'O', 'O', 'O', 'O', 'O', 'O', 'O', 'O', 'O', 'O', 'O', 'O', 'O', 'O', 'O', 'O', 'O', 'O', 'O', 'O', 'O', 'O', 'O', 'O', 'O', 'O', 'O', 'O', 'O', 'O', 'O', 'O', 'O', 'O', 'O', 'O', 'O', 'O', 'O', 'O', 'O', 'O', 'O', 'O', 'O', 'O', 'O', 'O', 'O', 'O', 'O', 'O', 'O', 'O', 'O', 'O', 'O', 'O', 'O', 'O', 'O', 'O', 'O', 'O', 'O', 'O', 'O', 'O', 'O', 'O', 'O', 'O', 'O', 'O', 'O', 'O', 'O', 'O', 'O', 'O', 'O', 'O', 'O', 'O', 'O', 'O', 'O', 'O', 'O', 'O', 'O', 'O', 'O', 'O', 'O', 'B-EMAIL', 'O', 'B-PHONE_NUM', 'I-PHONE_NUM', 'O', 'O', 'O', 'B-STREET_ADDRESS', 'I-STREET_ADDRESS', 'I-STREET_ADDRESS', 'O', 'O', 'O', 'O', 'O', 'O', 'O', 'O', 'O', 'O', 'O', 'O', 'O', 'O', 'O', 'O', 'O', 'O', 'O', 'O', 'O', 'O', 'O', 'O', 'O', 'O', 'O', 'O', 'O', 'O', 'O', 'O', 'O', 'O', 'O', 'O', 'O', 'O', 'O', 'O', 'O', 'O', 'O', 'O', 'O', 'O', 'O', 'O', 'O', 'O', 'O', 'O', 'O', 'O', 'O', 'O', 'O', 'O', 'O', 'O', 'O', 'O', 'O', 'O']","
    Write a fictional semi-formal biography in first person for Natalia Gross. Add the following information about him/her randomly inside the text: name is Natalia Gross, phone number is (98) 96894-7830, email is nataliagross@aol.org, address is 6420 Via Baron.
    ",0,Natalia Gross,nataliagross@aol.org,(98) 96894-7830,waitress,6420 Via Baron,,,Related,371
8c9c705b-b073-48d4-80c4-b6b123d691c3,"My name is Alexander Tanaka, and I'm a saleswoman with a year of experience. I recently completed a project that involved developing and implementing a new sales strategy for my company. I started by analyzing our current sales data to identify areas where we could improve. I found that we were losing a lot of potential customers because our sales process was too complicated and time-consuming. So, I streamlined the process and made it easier for customers to make purchases. I also created a new marketing campaign to generate more leads for our sales team. I used a variety of marketing channels, including social media, email, and paid advertising. The campaign was a success, and we saw a significant increase in the number of leads we were generating. As a result of these changes, our sales increased by 20% in the first quarter. I'm proud of the work that I did on this project, and I'm confident that it will continue to help my company grow in the future. Outside of work, I enjoy metalworking. I find it to be a relaxing and rewarding hobby. I also enjoy spending time with my family and friends. If you have any questions about my sales strategy project or my hobbies, you can reach me at +86 10746 1491 or alexandertanaka@hotmail.net. You can also visit me at my home address, which is 1890 Orchard View Road.","['My', 'name', 'is', 'Alexander', 'Tanaka,', 'and', ""I'm"", 'a', 'saleswoman', 'with', 'a', 'year', 'of', 'experience.', 'I', 'recently', 'completed', 'a', 'project', 'that', 'involved', 'developing', 'and', 'implementing', 'a', 'new', 'sales', 'strategy', 'for', 'my', 'company.', 'I', 'started', 'by', 'analyzing', 'our', 'current', 'sales', 'data', 'to', 'identify', 'areas', 'where', 'we', 'could', 'improve.', 'I', 'found', 'that', 'we', 'were', 'losing', 'a', 'lot', 'of', 'potential', 'customers', 'because', 'our', 'sales', 'process', 'was', 'too', 'complicated', 'and', 'time-consuming.', 'So,', 'I', 'streamlined', 'the', 'process', 'and', 'made', 'it', 'easier', 'for', 'customers', 'to', 'make', 'purchases.', 'I', 'also', 'created', 'a', 'new', 'marketing', 'campaign', 'to', 'generate', 'more', 'leads', 'for', 'our', 'sales', 'team.', 'I', 'used', 'a', 'variety', 'of', 'marketing', 'channels,', 'including', 'social', 'media,', 'email,', 'and', 'paid', 'advertising.', 'The', 'campaign', 'was', 'a', 'success,', 'and', 'we', 'saw', 'a', 'significant', 'increase', 'in', 'the', 'number', 'of', 'leads', 'we', 'were', 'generating.', 'As', 'a', 'result', 'of', 'these', 'changes,', 'our', 'sales', 'increased', 'by', '20%', 'in', 'the', 'first', 'quarter.', ""I'm"", 'proud', 'of', 'the', 'work', 'that', 'I', 'did', 'on', 'this', 'project,', 'and', ""I'm"", 'confident', 'that', 'it', 'will', 'continue', 'to', 'help', 'my', 'company', 'grow', 'in', 'the', 'future.', 'Outside', 'of', 'work,', 'I', 'enjoy', 'metalworking.', 'I', 'find', 'it', 'to', 'be', 'a', 'relaxing', 'and', 'rewarding', 'hobby.', 'I', 'also', 'enjoy', 'spending', 'time', 'with', 'my', 'family', 'and', 'friends.', 'If', 'you', 'have', 'any', 'questions', 'about', 'my', 'sales', 'strategy', 'project', 'or', 'my', 'hobbies,', 'you', 'can', 'reach', 'me', 'at', '+86', '10746', '1491', 'or', 'alexandertanaka@hotmail.net.', 'You', 'can', 'also', 'visit', 'me', 'at', 'my', 'home', 'address,', 'which', 'is', '1890', 'Orchard', 'View', 'Road.']","[True, True, True, True, True, True, True, True, True, True, True, True, True, True, True, True, True, True, True, True, True, True, True, True, True, True, True, True, True, True, True, True, True, True, True, True, True, True, True, True, True, True, True, True, True, True, True, True, True, True, True, True, True, True, True, True, True, True, True, True, True, True, True, True, True, True, True, True, True, True, True, True, True, True, True, True, True, True, True, True, True, True, True, True, True, True, True, True, True, True, True, True, True, True, True, True, True, True, True, True, True, True, True, True, True, True, True, True, True, True, True, True, True, True, True, True, True, True, True, True, True, True, True, True, True, True, True, True, True, True, True, True, True, True, True, True, True, True, True, True, True, True, True, True, True, True, True, True, True, True, True, True, True, True, True, True, True, True, True, True, True, True, True, True, True, True, True, True, True, True, True, True, True, True, True, True, True, True, True, True, True, True, True, True, True, True, True, True, True, True, True, True, True, True, True, True, True, True, True, True, True, True, True, True, True, True, True, True, True, True, True, True, True, True, True, True, True, True, True, True, True, True, True, True, True, True, True, True, True, True, True, True, False]","['O', 'O', 'O', 'B-NAME_STUDENT', 'I-NAME_STUDENT', 'O', 'O', 'O', 'O', 'O', 'O', 'O', 'O', 'O', 'O', 'O', 'O', 'O', 'O', 'O', 'O', 'O', 'O', 'O', 'O', 'O', 'O', 'O', 'O', 'O', 'O', 'O', 'O', 'O', 'O', 'O', 'O', 'O', 'O', 'O', 'O', 'O', 'O', 'O', 'O', 'O', 'O', 'O', 'O', 'O', 'O', 'O', 'O', 'O', 'O', 'O', 'O', 'O', 'O', 'O', 'O', 'O', 'O', 'O', 'O', 'O', 'O', 'O', 'O', 'O', 'O', 'O', 'O', 'O', 'O', 'O', 'O', 'O', 'O', 'O', 'O', 'O', 'O', 'O', 'O', 'O', 'O', 'O', 'O', 'O', 'O', 'O', 'O', 'O', 'O', 'O', 'O', 'O', 'O', 'O', 'O', 'O', 'O', 'O', 'O', 'O', 'O', 'O', 'O', 'O', 'O', 'O', 'O', 'O', 'O', 'O', 'O', 'O', 'O', 'O', 'O', 'O', 'O', 'O', 'O', 'O', 'O', 'O', 'O', 'O', 'O', 'O', 'O', 'O', 'O', 'O', 'O', 'O', 'O', 'O', 'O', 'O', 'O', 'O', 'O', 'O', 'O', 'O', 'O', 'O', 'O', 'O', 'O', 'O', 'O', 'O', 'O', 'O', 'O', 'O', 'O', 'O', 'O', 'O', 'O', 'O', 'O', 'O', 'O', 'O', 'O', 'O', 'O', 'O', 'O', 'O', 'O', 'O', 'O', 'O', 'O', 'O', 'O', 'O', 'O', 'O', 'O', 'O', 'O', 'O', 'O', 'O', 'O', 'O', 'O', 'O', 'O', 'O', 'O', 'O', 'O', 'O', 'O', 'O', 'O', 'O', 'O', 'O', 'O', 'O', 'O', 'O', 'O', 'B-PHONE_NUM', 'I-PHONE_NUM', 'I-PHONE_NUM', 'O', 'B-EMAIL', 'O', 'O', 'O', 'O', 'O', 'O', 'O', 'O', 'O', 'O', 'O', 'B-STREET_ADDRESS', 'I-STREET_ADDRESS', 'I-STREET_ADDRESS', 'I-STREET_ADDRESS']","
    Alexander Tanaka is a saleswoman with 1 years of experience. Write a detailed example in first person of a job-related project he/her did in the past. Add the following information about him/her randomly inside the text: name is Alexander Tanaka, phone number is +86 10746 1491, email is alexandertanaka@hotmail.net, hobby is Metalworking, address is 1890 Orchard View Road.
    ",1,Alexander Tanaka,alexandertanaka@hotmail.net,+86 10746 1491,saleswoman,1890 Orchard View Road,,,Metalworking,233
68b043f5-7c2f-4850-9d67-ecf2cba852dd,"My name is Kuo Lopez and I've been a professor for 8 years. I have a strong passion for education and strive to create engaging and interactive learning experiences for my students. One project that I'm particularly proud of is the development of an online learning platform for my Environmental Science course. I wanted to create a platform that would allow students to learn at their own pace and provide them with a variety of resources to enhance their understanding of the material. I spent several months working on the platform, which included designing the layout, creating interactive modules, and developing assessments. I also incorporated multimedia elements such as videos, simulations, and animations to make the learning experience more engaging. The platform was a huge success with my students. They appreciated the flexibility and convenience of being able to learn at their own pace, and they found the interactive modules and multimedia elements to be very helpful. The platform also allowed me to track student progress and provide feedback more efficiently. One of the challenges I faced during this project was ensuring that the platform was accessible to all students, regardless of their technical skills or devices. I made sure to use a user-friendly design and provide clear instructions on how to use the platform. I also tested the platform extensively to ensure that it worked properly on different devices and browsers. Overall, the development of the online learning platform was a rewarding experience. It allowed me to use my creativity and technical skills to create a resource that had a positive impact on my students' learning. I am always looking for new ways to improve my teaching and I'm excited to continue developing innovative learning experiences for my students. Contact Information: Kuo Lopez 4188 Summerview Drive +27 49 207 3764 kuolopez@hotmail.com Hobbies: Kite surfing","['My', 'name', 'is', 'Kuo', 'Lopez', 'and', ""I've"", 'been', 'a', 'professor', 'for', '8', 'years.', 'I', 'have', 'a', 'strong', 'passion', 'for', 'education', 'and', 'strive', 'to', 'create', 'engaging', 'and', 'interactive', 'learning', 'experiences', 'for', 'my', 'students.', 'One', 'project', 'that', ""I'm"", 'particularly', 'proud', 'of', 'is', 'the', 'development', 'of', 'an', 'online', 'learning', 'platform', 'for', 'my', 'Environmental', 'Science', 'course.', 'I', 'wanted', 'to', 'create', 'a', 'platform', 'that', 'would', 'allow', 'students', 'to', 'learn', 'at', 'their', 'own', 'pace', 'and', 'provide', 'them', 'with', 'a', 'variety', 'of', 'resources', 'to', 'enhance', 'their', 'understanding', 'of', 'the', 'material.', 'I', 'spent', 'several', 'months', 'working', 'on', 'the', 'platform,', 'which', 'included', 'designing', 'the', 'layout,', 'creating', 'interactive', 'modules,', 'and', 'developing', 'assessments.', 'I', 'also', 'incorporated', 'multimedia', 'elements', 'such', 'as', 'videos,', 'simulations,', 'and', 'animations', 'to', 'make', 'the', 'learning', 'experience', 'more', 'engaging.', 'The', 'platform', 'was', 'a', 'huge', 'success', 'with', 'my', 'students.', 'They', 'appreciated', 'the', 'flexibility', 'and', 'convenience', 'of', 'being', 'able', 'to', 'learn', 'at', 'their', 'own', 'pace,', 'and', 'they', 'found', 'the', 'interactive', 'modules', 'and', 'multimedia', 'elements', 'to', 'be', 'very', 'helpful.', 'The', 'platform', 'also', 'allowed', 'me', 'to', 'track', 'student', 'progress', 'and', 'provide', 'feedback', 'more', 'efficiently.', 'One', 'of', 'the', 'challenges', 'I', 'faced', 'during', 'this', 'project', 'was', 'ensuring', 'that', 'the', 'platform', 'was', 'accessible', 'to', 'all', 'students,', 'regardless', 'of', 'their', 'technical', 'skills', 'or', 'devices.', 'I', 'made', 'sure', 'to', 'use', 'a', 'user-friendly', 'design', 'and', 'provide', 'clear', 'instructions', 'on', 'how', 'to', 'use', 'the', 'platform.', 'I', 'also', 'tested', 'the', 'platform', 'extensively', 'to', 'ensure', 'that', 'it', 'worked', 'properly', 'on', 'different', 'devices', 'and', 'browsers.', 'Overall,', 'the', 'development', 'of', 'the', 'online', 'learning', 'platform', 'was', 'a', 'rewarding', 'experience.', 'It', 'allowed', 'me', 'to', 'use', 'my', 'creativity', 'and', 'technical', 'skills', 'to', 'create', 'a', 'resource', 'that', 'had', 'a', 'positive', 'impact', 'on', 'my', ""students'"", 'learning.', 'I', 'am', 'always', 'looking', 'for', 'new', 'ways', 'to', 'improve', 'my', 'teaching', 'and', ""I'm"", 'excited', 'to', 'continue', 'developing', 'innovative', 'learning', 'experiences', 'for', 'my', 'students.', 'Contact', 'Information:', 'Kuo', 'Lopez', '4188', 'Summerview', 'Drive', '+27', '49', '207', '3764', 'kuolopez@hotmail.com', 'Hobbies:', 'Kite', 'surfing']","[True, True, True, True, True, True, True, True, True, True, True, True, True, True, True, True, True, True, True, True, True, True, True, True, True, True, True, True, True, True, True, True, True, True, True, True, True, True, True, True, True, True, True, True, True, True, True, True, True, True, True, True, True, True, True, True, True, True, True, True, True, True, True, True, True, True, True, True, True, True, True, True, True, True, True, True, True, True, True, True, True, True, True, True, True, True, True, True, True, True, True, True, True, True, True, True, True, True, True, True, True, True, True, True, True, True, True, True, True, True, True, True, True, True, True, True, True, True, True, True, True, True, True, True, True, True, True, True, True, True, True, True, True, True, True, True, True, True, True, True, True, True, True, True, True, True, True, True, True, True, True, True, True, True, True, True, True, True, True, True, True, True, True, True, True, True, True, True, True, True, True, True, True, True, True, True, True, True, True, True, True, True, True, True, True, True, True, True, True, True, True, True, True, True, True, True, True, True, True, True, True, True, True, True, True, True, True, True, True, True, True, True, True, True, True, True, True, True, True, True, True, True, True, True, True, True, True, True, True, True, True, True, True, True, True, True, True, True, True, True, True, True, True, True, True, True, True, True, True, True, True, True, True, True, True, True, True, True, True, True, True, True, True, True, True, True, True, True, True, True, True, True, True, True, True, True, True, True, True, True, True, True, True, True, True, True, True, True, True, True, True, True, True, True, True, True, True, True, True, True, True, True, True, True, False]","['O', 'O', 'O', 'B-NAME_STUDENT', 'I-NAME_STUDENT', 'O', 'O', 'O', 'O', 'O', 'O', 'O', 'O', 'O', 'O', 'O', 'O', 'O', 'O', 'O', 'O', 'O', 'O', 'O', 'O', 'O', 'O', 'O', 'O', 'O', 'O', 'O', 'O', 'O', 'O', 'O', 'O', 'O', 'O', 'O', 'O', 'O', 'O', 'O', 'O', 'O', 'O', 'O', 'O', 'O', 'O', 'O', 'O', 'O', 'O', 'O', 'O', 'O', 'O', 'O', 'O', 'O', 'O', 'O', 'O', 'O', 'O', 'O', 'O', 'O', 'O', 'O', 'O', 'O', 'O', 'O', 'O', 'O', 'O', 'O', 'O', 'O', 'O', 'O', 'O', 'O', 'O', 'O', 'O', 'O', 'O', 'O', 'O', 'O', 'O', 'O', 'O', 'O', 'O', 'O', 'O', 'O', 'O', 'O', 'O', 'O', 'O', 'O', 'O', 'O', 'O', 'O', 'O', 'O', 'O', 'O', 'O', 'O', 'O', 'O', 'O', 'O', 'O', 'O', 'O', 'O', 'O', 'O', 'O', 'O', 'O', 'O', 'O', 'O', 'O', 'O', 'O', 'O', 'O', 'O', 'O', 'O', 'O', 'O', 'O', 'O', 'O', 'O', 'O', 'O', 'O', 'O', 'O', 'O', 'O', 'O', 'O', 'O', 'O', 'O', 'O', 'O', 'O', 'O', 'O', 'O', 'O', 'O', 'O', 'O', 'O', 'O', 'O', 'O', 'O', 'O', 'O', 'O', 'O', 'O', 'O', 'O', 'O', 'O', 'O', 'O', 'O', 'O', 'O', 'O', 'O', 'O', 'O', 'O', 'O', 'O', 'O', 'O', 'O', 'O', 'O', 'O', 'O', 'O', 'O', 'O', 'O', 'O', 'O', 'O', 'O', 'O', 'O', 'O', 'O', 'O', 'O', 'O', 'O', 'O', 'O', 'O', 'O', 'O', 'O', 'O', 'O', 'O', 'O', 'O', 'O', 'O', 'O', 'O', 'O', 'O', 'O', 'O', 'O', 'O', 'O', 'O', 'O', 'O', 'O', 'O', 'O', 'O', 'O', 'O', 'O', 'O', 'O', 'O', 'O', 'O', 'O', 'O', 'O', 'O', 'O', 'O', 'O', 'O', 'O', 'O', 'O', 'O', 'O', 'O', 'O', 'O', 'O', 'O', 'O', 'O', 'O', 'O', 'O', 'O', 'O', 'O', 'O', 'O', 'O', 'O', 'O', 'O', 'O', 'O', 'O', 'O', 'B-NAME_STUDENT', 'I-NAME_STUDENT', 'B-STREET_ADDRESS', 'I-STREET_ADDRESS', 'I-STREET_ADDRESS', 'B-PHONE_NUM', 'I-PHONE_NUM', 'I-PHONE_NUM', 'I-PHONE_NUM', 'B-EMAIL', 'O', 'O', 'O']","
    Kuo Lopez is a professor with 8 years of experience. Write a detailed example in first person of a job-related project he/her did in the past. Add the following information about him/her randomly inside the text: name is Kuo Lopez, phone number is +27 49 207 3764, email is kuolopez8489@hotmail.com, hobby is Kite surfing, address is 4188 Summerview Drive.
    ",1,Kuo Lopez,kuolopez@hotmail.com,+27 49 207 3764,professor,4188 Summerview Drive,,,Kite surfing,305
a9c3689c-951d-4f25-a9d7-8b3c8721305a,"Hi, I'm Ashok Ma, a software developer at a tech company. Recently, I encountered a challenging issue that required my expertise. Our software application was experiencing intermittent crashes, leading to user dissatisfaction and potential business impact. The problem seemed random, making it difficult to pinpoint the root cause. I delved into the codebase, analyzing logs, and conducting rigorous testing to isolate the issue. I identified a memory leak in a specific module that caused the application to crash under certain conditions. I promptly devised a solution by implementing a memory management strategy to prevent the leak. I conducted extensive testing to ensure the fix worked as intended and resolved the crashing issue. The application's stability was restored, enhancing the user experience and eliminating the risk of potential business losses. I'm proud of my problem-solving skills and the positive impact it had on the company. If you need to get in touch with me, you can reach me at ashokma5698@msn.net. You can also find me on Twitter (@ashok.ma) or visit my webpage (https://www.ashok-ma.com/news) for more information about my work.","['Hi,', ""I'm"", 'Ashok', 'Ma,', 'a', 'software', 'developer', 'at', 'a', 'tech', 'company.', 'Recently,', 'I', 'encountered', 'a', 'challenging', 'issue', 'that', 'required', 'my', 'expertise.', 'Our', 'software', 'application', 'was', 'experiencing', 'intermittent', 'crashes,', 'leading', 'to', 'user', 'dissatisfaction', 'and', 'potential', 'business', 'impact.', 'The', 'problem', 'seemed', 'random,', 'making', 'it', 'difficult', 'to', 'pinpoint', 'the', 'root', 'cause.', 'I', 'delved', 'into', 'the', 'codebase,', 'analyzing', 'logs,', 'and', 'conducting', 'rigorous', 'testing', 'to', 'isolate', 'the', 'issue.', 'I', 'identified', 'a', 'memory', 'leak', 'in', 'a', 'specific', 'module', 'that', 'caused', 'the', 'application', 'to', 'crash', 'under', 'certain', 'conditions.', 'I', 'promptly', 'devised', 'a', 'solution', 'by', 'implementing', 'a', 'memory', 'management', 'strategy', 'to', 'prevent', 'the', 'leak.', 'I', 'conducted', 'extensive', 'testing', 'to', 'ensure', 'the', 'fix', 'worked', 'as', 'intended', 'and', 'resolved', 'the', 'crashing', 'issue.', 'The', ""application's"", 'stability', 'was', 'restored,', 'enhancing', 'the', 'user', 'experience', 'and', 'eliminating', 'the', 'risk', 'of', 'potential', 'business', 'losses.', ""I'm"", 'proud', 'of', 'my', 'problem-solving', 'skills', 'and', 'the', 'positive', 'impact', 'it', 'had', 'on', 'the', 'company.', 'If', 'you', 'need', 'to', 'get', 'in', 'touch', 'with', 'me,', 'you', 'can', 'reach', 'me', 'at', 'ashokma5698@msn.net.', 'You', 'can', 'also', 'find', 'me', 'on', 'Twitter', '(@ashok.ma)', 'or', 'visit', 'my', 'webpage', '(https://www.ashok-ma.com/news)', 'for', 'more', 'information', 'about', 'my', 'work.']","[True, True, True, True, True, True, True, True, True, True, True, True, True, True, True, True, True, True, True, True, True, True, True, True, True, True, True, True, True, True, True, True, True, True, True, True, True, True, True, True, True, True, True, True, True, True, True, True, True, True, True, True, True, True, True, True, True, True, True, True, True, True, True, True, True, True, True, True, True, True, True, True, True, True, True, True, True, True, True, True, True, True, True, True, True, True, True, True, True, True, True, True, True, True, True, True, True, True, True, True, True, True, True, True, True, True, True, True, True, True, True, True, True, True, True, True, True, True, True, True, True, True, True, True, True, True, True, True, True, True, True, True, True, True, True, True, True, True, True, True, True, True, True, True, True, True, True, True, True, True, True, True, True, True, True, True, True, True, True, True, True, True, True, True, True, True, True, True, True, True, True, True, True, True, True, True, True, False]","['O', 'O', 'B-NAME_STUDENT', 'I-NAME_STUDENT', 'O', 'O', 'O', 'O', 'O', 'O', 'O', 'O', 'O', 'O', 'O', 'O', 'O', 'O', 'O', 'O', 'O', 'O', 'O', 'O', 'O', 'O', 'O', 'O', 'O', 'O', 'O', 'O', 'O', 'O', 'O', 'O', 'O', 'O', 'O', 'O', 'O', 'O', 'O', 'O', 'O', 'O', 'O', 'O', 'O', 'O', 'O', 'O', 'O', 'O', 'O', 'O', 'O', 'O', 'O', 'O', 'O', 'O', 'O', 'O', 'O', 'O', 'O', 'O', 'O', 'O', 'O', 'O', 'O', 'O', 'O', 'O', 'O', 'O', 'O', 'O', 'O', 'O', 'O', 'O', 'O', 'O', 'O', 'O', 'O', 'O', 'O', 'O', 'O', 'O', 'O', 'O', 'O', 'O', 'O', 'O', 'O', 'O', 'O', 'O', 'O', 'O', 'O', 'O', 'O', 'O', 'O', 'O', 'O', 'O', 'O', 'O', 'O', 'O', 'O', 'O', 'O', 'O', 'O', 'O', 'O', 'O', 'O', 'O', 'O', 'O', 'O', 'O', 'O', 'O', 'O', 'O', 'O', 'O', 'O', 'O', 'O', 'O', 'O', 'O', 'O', 'O', 'O', 'O', 'O', 'O', 'O', 'O', 'O', 'O', 'O', 'O', 'O', 'O', 'B-EMAIL', 'O', 'O', 'O', 'O', 'O', 'O', 'O', 'B-USERNAME', 'O', 'O', 'O', 'O', 'B-URL_PERSONAL', 'O', 'O', 'O', 'O', 'O', 'O']","
    Ashok Ma is a developer. Write a first person summary of something he solved in his job. Add the following information about him/her (randomly please) inside the text: name is Ashok Ma, email is ashokma5698@msn.net, address is 3763 Lauren Ferry, profile at Twitter is @ashok.ma, webpage is https://www.ashok-ma.com/news.
    ",7,Ashok Ma,ashokma5698@msn.net,0932 173 536,developer,3763 Lauren Ferry,@ashok.ma,https://www.ashok-ma.com/news,Jigsaw puzzles,178
45507bc9-7b42-49fd-8fa3-031cdaade706,"In the bustling city of Alexandria, amidst the clamor of daily life, I, Shankar Yu, emerged into this world, blessed with an unyielding spirit and a profound curiosity that would shape my destiny. From my humble beginnings at 5036 Jericho Street, I embarked on a journey that would propel me to new heights, leaving an indelible mark on the tapestry of human endeavor. The call of knowledge resonated within me from a tender age. I spent countless hours poring over books, devouring every morsel of information that came my way. The allure of the unknown beckoned me forth, igniting a passion for exploration and discovery that would never wane. As fate would have it, my path intersected with a group of kindred spirits, fellow seekers of truth and enlightenment. Together, we embarked on a quest for answers, traversing the globe in search of ancient wisdom and hidden knowledge. Our journey took us to remote corners of the world, where we encountered diverse cultures and traditions, each offering a unique perspective on the human experience. Through my travels, I encountered challenges that tested the limits of my endurance and resolve. I faced adversity with unwavering determination, refusing to succumb to despair. Each obstacle I overcame strengthened my spirit and deepened my understanding of the human condition. Along my path, I encountered remarkable individuals who imparted invaluable lessons and shaped my worldview. Their wisdom and guidance inspired me to pursue my dreams with renewed vigor, to strive for excellence in all my endeavors. I am eternally grateful for the opportunities that have come my way, for the experiences that have molded me into the person I am today. As I continue my journey through life, I am filled with a sense of purpose and an unwavering belief in the power of human potential. With every step I take, I carry with me the memories and lessons of the past, the hopes and dreams of the future. My name is Shankar Yu, and this is my story. Contact Information: Phone Number: (13) 98824-5547 Email Address: shankar-yu@outlook.net Address: 5036 Jericho Street","['In', 'the', 'bustling', 'city', 'of', 'Alexandria,', 'amidst', 'the', 'clamor', 'of', 'daily', 'life,', 'I,', 'Shankar', 'Yu,', 'emerged', 'into', 'this', 'world,', 'blessed', 'with', 'an', 'unyielding', 'spirit', 'and', 'a', 'profound', 'curiosity', 'that', 'would', 'shape', 'my', 'destiny.', 'From', 'my', 'humble', 'beginnings', 'at', '5036', 'Jericho', 'Street,', 'I', 'embarked', 'on', 'a', 'journey', 'that', 'would', 'propel', 'me', 'to', 'new', 'heights,', 'leaving', 'an', 'indelible', 'mark', 'on', 'the', 'tapestry', 'of', 'human', 'endeavor.', 'The', 'call', 'of', 'knowledge', 'resonated', 'within', 'me', 'from', 'a', 'tender', 'age.', 'I', 'spent', 'countless', 'hours', 'poring', 'over', 'books,', 'devouring', 'every', 'morsel', 'of', 'information', 'that', 'came', 'my', 'way.', 'The', 'allure', 'of', 'the', 'unknown', 'beckoned', 'me', 'forth,', 'igniting', 'a', 'passion', 'for', 'exploration', 'and', 'discovery', 'that', 'would', 'never', 'wane.', 'As', 'fate', 'would', 'have', 'it,', 'my', 'path', 'intersected', 'with', 'a', 'group', 'of', 'kindred', 'spirits,', 'fellow', 'seekers', 'of', 'truth', 'and', 'enlightenment.', 'Together,', 'we', 'embarked', 'on', 'a', 'quest', 'for', 'answers,', 'traversing', 'the', 'globe', 'in', 'search', 'of', 'ancient', 'wisdom', 'and', 'hidden', 'knowledge.', 'Our', 'journey', 'took', 'us', 'to', 'remote', 'corners', 'of', 'the', 'world,', 'where', 'we', 'encountered', 'diverse', 'cultures', 'and', 'traditions,', 'each', 'offering', 'a', 'unique', 'perspective', 'on', 'the', 'human', 'experience.', 'Through', 'my', 'travels,', 'I', 'encountered', 'challenges', 'that', 'tested', 'the', 'limits', 'of', 'my', 'endurance', 'and', 'resolve.', 'I', 'faced', 'adversity', 'with', 'unwavering', 'determination,', 'refusing', 'to', 'succumb', 'to', 'despair.', 'Each', 'obstacle', 'I', 'overcame', 'strengthened', 'my', 'spirit', 'and', 'deepened', 'my', 'understanding', 'of', 'the', 'human', 'condition.', 'Along', 'my', 'path,', 'I', 'encountered', 'remarkable', 'individuals', 'who', 'imparted', 'invaluable', 'lessons', 'and', 'shaped', 'my', 'worldview.', 'Their', 'wisdom', 'and', 'guidance', 'inspired', 'me', 'to', 'pursue', 'my', 'dreams', 'with', 'renewed', 'vigor,', 'to', 'strive', 'for', 'excellence', 'in', 'all', 'my', 'endeavors.', 'I', 'am', 'eternally', 'grateful', 'for', 'the', 'opportunities', 'that', 'have', 'come', 'my', 'way,', 'for', 'the', 'experiences', 'that', 'have', 'molded', 'me', 'into', 'the', 'person', 'I', 'am', 'today.', 'As', 'I', 'continue', 'my', 'journey', 'through', 'life,', 'I', 'am', 'filled', 'with', 'a', 'sense', 'of', 'purpose', 'and', 'an', 'unwavering', 'belief', 'in', 'the', 'power', 'of', 'human', 'potential.', 'With', 'every', 'step', 'I', 'take,', 'I', 'carry', 'with', 'me', 'the', 'memories', 'and', 'lessons', 'of', 'the', 'past,', 'the', 'hopes', 'and', 'dreams', 'of', 'the', 'future.', 'My', 'name', 'is', 'Shankar', 'Yu,', 'and', 'this', 'is', 'my', 'story.', 'Contact', 'Information:', 'Phone', 'Number:', '(13)', '98824-5547', 'Email', 'Address:', 'shankar-yu@outlook.net', 'Address:', '5036', 'Jericho', 'Street']","[True, True, True, True, True, True, True, True, True, True, True, True, True, True, True, True, True, True, True, True, True, True, True, True, True, True, True, True, True, True, True, True, True, True, True, True, True, True, True, True, True, True, True, True, True, True, True, True, True, True, True, True, True, True, True, True, True, True, True, True, True, True, True, True, True, True, True, True, True, True, True, True, True, True, True, True, True, True, True, True, True, True, True, True, True, True, True, True, True, True, True, True, True, True, True, True, True, True, True, True, True, True, True, True, True, True, True, True, True, True, True, True, True, True, True, True, True, True, True, True, True, True, True, True, True, True, True, True, True, True, True, True, True, True, True, True, True, True, True, True, True, True, True, True, True, True, True, True, True, True, True, True, True, True, True, True, True, True, True, True, True, True, True, True, True, True, True, True, True, True, True, True, True, True, True, True, True, True, True, True, True, True, True, True, True, True, True, True, True, True, True, True, True, True, True, True, True, True, True, True, True, True, True, True, True, True, True, True, True, True, True, True, True, True, True, True, True, True, True, True, True, True, True, True, True, True, True, True, True, True, True, True, True, True, True, True, True, True, True, True, True, True, True, True, True, True, True, True, True, True, True, True, True, True, True, True, True, True, True, True, True, True, True, True, True, True, True, True, True, True, True, True, True, True, True, True, True, True, True, True, True, True, True, True, True, True, True, True, True, True, True, True, True, True, True, True, True, True, True, True, True, True, True, True, True, True, True, True, True, True, True, True, True, True, True, True, True, True, True, True, True, True, True, True, True, True, True, True, True, True, True, True, True, True, True, True, True, True, True, True, True, True, True, True, True, True, False]","['O', 'O', 'O', 'O', 'O', 'O', 'O', 'O', 'O', 'O', 'O', 'O', 'O', 'B-NAME_STUDENT', 'I-NAME_STUDENT', 'O', 'O', 'O', 'O', 'O', 'O', 'O', 'O', 'O', 'O', 'O', 'O', 'O', 'O', 'O', 'O', 'O', 'O', 'O', 'O', 'O', 'O', 'O', 'B-STREET_ADDRESS', 'I-STREET_ADDRESS', 'I-STREET_ADDRESS', 'O', 'O', 'O', 'O', 'O', 'O', 'O', 'O', 'O', 'O', 'O', 'O', 'O', 'O', 'O', 'O', 'O', 'O', 'O', 'O', 'O', 'O', 'O', 'O', 'O', 'O', 'O', 'O', 'O', 'O', 'O', 'O', 'O', 'O', 'O', 'O', 'O', 'O', 'O', 'O', 'O', 'O', 'O', 'O', 'O', 'O', 'O', 'O', 'O', 'O', 'O', 'O', 'O', 'O', 'O', 'O', 'O', 'O', 'O', 'O', 'O', 'O', 'O', 'O', 'O', 'O', 'O', 'O', 'O', 'O', 'O', 'O', 'O', 'O', 'O', 'O', 'O', 'O', 'O', 'O', 'O', 'O', 'O', 'O', 'O', 'O', 'O', 'O', 'O', 'O', 'O', 'O', 'O', 'O', 'O', 'O', 'O', 'O', 'O', 'O', 'O', 'O', 'O', 'O', 'O', 'O', 'O', 'O', 'O', 'O', 'O', 'O', 'O', 'O', 'O', 'O', 'O', 'O', 'O', 'O', 'O', 'O', 'O', 'O', 'O', 'O', 'O', 'O', 'O', 'O', 'O', 'O', 'O', 'O', 'O', 'O', 'O', 'O', 'O', 'O', 'O', 'O', 'O', 'O', 'O', 'O', 'O', 'O', 'O', 'O', 'O', 'O', 'O', 'O', 'O', 'O', 'O', 'O', 'O', 'O', 'O', 'O', 'O', 'O', 'O', 'O', 'O', 'O', 'O', 'O', 'O', 'O', 'O', 'O', 'O', 'O', 'O', 'O', 'O', 'O', 'O', 'O', 'O', 'O', 'O', 'O', 'O', 'O', 'O', 'O', 'O', 'O', 'O', 'O', 'O', 'O', 'O', 'O', 'O', 'O', 'O', 'O', 'O', 'O', 'O', 'O', 'O', 'O', 'O', 'O', 'O', 'O', 'O', 'O', 'O', 'O', 'O', 'O', 'O', 'O', 'O', 'O', 'O', 'O', 'O', 'O', 'O', 'O', 'O', 'O', 'O', 'O', 'O', 'O', 'O', 'O', 'O', 'O', 'O', 'O', 'O', 'O', 'O', 'O', 'O', 'O', 'O', 'O', 'O', 'O', 'O', 'O', 'O', 'O', 'O', 'O', 'O', 'O', 'O', 'O', 'O', 'O', 'O', 'O', 'O', 'O', 'O', 'O', 'O', 'O', 'O', 'O', 'O', 'O', 'O', 'O', 'O', 'O', 'O', 'O', 'O', 'O', 'O', 'O', 'O', 'O', 'B-NAME_STUDENT', 'I-NAME_STUDENT', 'O', 'O', 'O', 'O', 'O', 'O', 'O', 'O', 'O', 'B-PHONE_NUM', 'I-PHONE_NUM', 'O', 'O', 'B-EMAIL', 'O', 'B-STREET_ADDRESS', 'I-STREET_ADDRESS', 'I-STREET_ADDRESS']","
    Write a fictional semi-formal biography in first person for Shankar Yu. Add the following information about him/her randomly inside the text: name is Shankar Yu, phone number is (13) 98824-5547, email is shankar-yu@outlook.net, address is 5036 Jericho Street.
    ",0,Shankar Yu,shankar-yu@outlook.net,(13) 98824-5547,attorney,5036 Jericho Street,,,Mixology,347
30760961-7d90-4282-8082-4401e4042f6e,"Hello, my name is Kuo Volkova and I'm a farmer at 3904 Martagon Circle. I recently solved a problem that had been plaguing my farm for months. My crops were being destroyed by pests, and I couldn't figure out how to stop them. I tried everything I could think of, but nothing seemed to work. I was starting to lose hope, but then I had an idea. I remembered reading about a new type of pest control that used natural enemies to kill pests. I decided to give it a try. I contacted a local company that specializes in this type of pest control, and they sent a technician out to my farm. The technician inspected my crops and identified the pests that were causing the damage. Then, he released a number of natural enemies into my fields. The natural enemies quickly went to work, and within a few weeks, the pests were gone. My crops were saved, and I was thrilled. I'm so glad that I decided to try this new type of pest control. It's the best thing that I've ever done for my farm. If you're having problems with pests, I encourage you to contact a local company that specializes in natural pest control. You may be surprised at how effective it is. Feel free to reach out to me via email at kuo_volkova6048@outlook.com if you have any questions about my experience with natural pest control.","['Hello,', 'my', 'name', 'is', 'Kuo', 'Volkova', 'and', ""I'm"", 'a', 'farmer', 'at', '3904', 'Martagon', 'Circle.', 'I', 'recently', 'solved', 'a', 'problem', 'that', 'had', 'been', 'plaguing', 'my', 'farm', 'for', 'months.', 'My', 'crops', 'were', 'being', 'destroyed', 'by', 'pests,', 'and', 'I', ""couldn't"", 'figure', 'out', 'how', 'to', 'stop', 'them.', 'I', 'tried', 'everything', 'I', 'could', 'think', 'of,', 'but', 'nothing', 'seemed', 'to', 'work.', 'I', 'was', 'starting', 'to', 'lose', 'hope,', 'but', 'then', 'I', 'had', 'an', 'idea.', 'I', 'remembered', 'reading', 'about', 'a', 'new', 'type', 'of', 'pest', 'control', 'that', 'used', 'natural', 'enemies', 'to', 'kill', 'pests.', 'I', 'decided', 'to', 'give', 'it', 'a', 'try.', 'I', 'contacted', 'a', 'local', 'company', 'that', 'specializes', 'in', 'this', 'type', 'of', 'pest', 'control,', 'and', 'they', 'sent', 'a', 'technician', 'out', 'to', 'my', 'farm.', 'The', 'technician', 'inspected', 'my', 'crops', 'and', 'identified', 'the', 'pests', 'that', 'were', 'causing', 'the', 'damage.', 'Then,', 'he', 'released', 'a', 'number', 'of', 'natural', 'enemies', 'into', 'my', 'fields.', 'The', 'natural', 'enemies', 'quickly', 'went', 'to', 'work,', 'and', 'within', 'a', 'few', 'weeks,', 'the', 'pests', 'were', 'gone.', 'My', 'crops', 'were', 'saved,', 'and', 'I', 'was', 'thrilled.', ""I'm"", 'so', 'glad', 'that', 'I', 'decided', 'to', 'try', 'this', 'new', 'type', 'of', 'pest', 'control.', ""It's"", 'the', 'best', 'thing', 'that', ""I've"", 'ever', 'done', 'for', 'my', 'farm.', 'If', ""you're"", 'having', 'problems', 'with', 'pests,', 'I', 'encourage', 'you', 'to', 'contact', 'a', 'local', 'company', 'that', 'specializes', 'in', 'natural', 'pest', 'control.', 'You', 'may', 'be', 'surprised', 'at', 'how', 'effective', 'it', 'is.', 'Feel', 'free', 'to', 'reach', 'out', 'to', 'me', 'via', 'email', 'at', 'kuo_volkova6048@outlook.com', 'if', 'you', 'have', 'any', 'questions', 'about', 'my', 'experience', 'with', 'natural', 'pest', 'control.']","[True, True, True, True, True, True, True, True, True, True, True, True, True, True, True, True, True, True, True, True, True, True, True, True, True, True, True, True, True, True, True, True, True, True, True, True, True, True, True, True, True, True, True, True, True, True, True, True, True, True, True, True, True, True, True, True, True, True, True, True, True, True, True, True, True, True, True, True, True, True, True, True, True, True, True, True, True, True, True, True, True, True, True, True, True, True, True, True, True, True, True, True, True, True, True, True, True, True, True, True, True, True, True, True, True, True, True, True, True, True, True, True, True, True, True, True, True, True, True, True, True, True, True, True, True, True, True, True, True, True, True, True, True, True, True, True, True, True, True, True, True, True, True, True, True, True, True, True, True, True, True, True, True, True, True, True, True, True, True, True, True, True, True, True, True, True, True, True, True, True, True, True, True, True, True, True, True, True, True, True, True, True, True, True, True, True, True, True, True, True, True, True, True, True, True, True, True, True, True, True, True, True, True, True, True, True, True, True, True, True, True, True, True, True, True, True, True, True, True, True, True, True, True, True, True, True, True, True, True, True, True, True, True, True, True, True, True, True, False]","['O', 'O', 'O', 'O', 'B-NAME_STUDENT', 'I-NAME_STUDENT', 'O', 'O', 'O', 'O', 'O', 'B-STREET_ADDRESS', 'I-STREET_ADDRESS', 'I-STREET_ADDRESS', 'O', 'O', 'O', 'O', 'O', 'O', 'O', 'O', 'O', 'O', 'O', 'O', 'O', 'O', 'O', 'O', 'O', 'O', 'O', 'O', 'O', 'O', 'O', 'O', 'O', 'O', 'O', 'O', 'O', 'O', 'O', 'O', 'O', 'O', 'O', 'O', 'O', 'O', 'O', 'O', 'O', 'O', 'O', 'O', 'O', 'O', 'O', 'O', 'O', 'O', 'O', 'O', 'O', 'O', 'O', 'O', 'O', 'O', 'O', 'O', 'O', 'O', 'O', 'O', 'O', 'O', 'O', 'O', 'O', 'O', 'O', 'O', 'O', 'O', 'O', 'O', 'O', 'O', 'O', 'O', 'O', 'O', 'O', 'O', 'O', 'O', 'O', 'O', 'O', 'O', 'O', 'O', 'O', 'O', 'O', 'O', 'O', 'O', 'O', 'O', 'O', 'O', 'O', 'O', 'O', 'O', 'O', 'O', 'O', 'O', 'O', 'O', 'O', 'O', 'O', 'O', 'O', 'O', 'O', 'O', 'O', 'O', 'O', 'O', 'O', 'O', 'O', 'O', 'O', 'O', 'O', 'O', 'O', 'O', 'O', 'O', 'O', 'O', 'O', 'O', 'O', 'O', 'O', 'O', 'O', 'O', 'O', 'O', 'O', 'O', 'O', 'O', 'O', 'O', 'O', 'O', 'O', 'O', 'O', 'O', 'O', 'O', 'O', 'O', 'O', 'O', 'O', 'O', 'O', 'O', 'O', 'O', 'O', 'O', 'O', 'O', 'O', 'O', 'O', 'O', 'O', 'O', 'O', 'O', 'O', 'O', 'O', 'O', 'O', 'O', 'O', 'O', 'O', 'O', 'O', 'O', 'O', 'O', 'O', 'O', 'O', 'O', 'O', 'O', 'O', 'O', 'O', 'O', 'O', 'O', 'O', 'O', 'B-EMAIL', 'O', 'O', 'O', 'O', 'O', 'O', 'O', 'O', 'O', 'O', 'O', 'O']","
    Kuo Volkova is a farmer. Write a first person summary of something he solved in his job. Add the following information about him/her (randomly please) inside the text: name is Kuo Volkova, email is kuo_volkova6048@outlook.com, address is 3904 Martagon Circle.
    ",3,Kuo Volkova,kuo_volkova6048@outlook.com,(11) 94860-2124,farmer,3904 Martagon Circle,,,Escape rooms,239
2be62b7b-6961-470e-8434-8de7c3543ed8,"Aiguo Martin, a dedicated and resourceful police officer, embarked on a remarkable project that left a lasting impact on his community. The project, aptly named ""Operation Safe Haven,"" aimed to address the growing issue of missing persons in his jurisdiction. With determination and unwavering commitment, Aiguo Martin set out to make a difference. Drawing upon his extensive experience in law enforcement, Aiguo Martin meticulously analyzed past cases of missing persons, identifying patterns and potential leads. He tirelessly coordinated with various departments, including social services, mental health professionals, and volunteer organizations, to create a comprehensive network of support. His unwavering dedication was evident in the countless hours he spent poring over case files, conducting interviews, and following up on every possible clue. The project gained momentum as Aiguo Martin and his team organized community awareness campaigns. They distributed flyers, held public meetings, and utilized social media platforms to spread the word about missing individuals. The community responded with overwhelming support, providing valuable information and joining the search efforts. Aiguo Martin's unwavering commitment inspired hope among families and friends of the missing, who had often lost all hope of finding their loved ones. To further enhance the project's effectiveness, Aiguo Martin collaborated with technology experts to develop an innovative database system. This system allowed for the secure storage and analysis of data related to missing persons, enabling efficient tracking and monitoring of cases. The database proved invaluable in identifying potential links between cases and expediting the investigation process. The culmination of Aiguo Martin's tireless efforts was the successful resolution of numerous missing persons cases. Families were reunited with their loved ones, and the community experienced a renewed sense of safety and security. Aiguo Martin's unwavering dedication and innovative approach to policing earned him widespread recognition and respect. His project, Operation Safe Haven, became a model for other law enforcement agencies seeking to address the issue of missing persons. Aiguo Martin's passion for serving his community and his unwavering commitment to making a difference continue to inspire those around him. For further inquiries or to learn more about the project, please feel free to contact Aiguo Martin at his official email address, aiguo-martin@hotmail.com, or reach him directly at his phone number, +91-39941 98087.","['Aiguo', 'Martin,', 'a', 'dedicated', 'and', 'resourceful', 'police', 'officer,', 'embarked', 'on', 'a', 'remarkable', 'project', 'that', 'left', 'a', 'lasting', 'impact', 'on', 'his', 'community.', 'The', 'project,', 'aptly', 'named', '""Operation', 'Safe', 'Haven,""', 'aimed', 'to', 'address', 'the', 'growing', 'issue', 'of', 'missing', 'persons', 'in', 'his', 'jurisdiction.', 'With', 'determination', 'and', 'unwavering', 'commitment,', 'Aiguo', 'Martin', 'set', 'out', 'to', 'make', 'a', 'difference.', 'Drawing', 'upon', 'his', 'extensive', 'experience', 'in', 'law', 'enforcement,', 'Aiguo', 'Martin', 'meticulously', 'analyzed', 'past', 'cases', 'of', 'missing', 'persons,', 'identifying', 'patterns', 'and', 'potential', 'leads.', 'He', 'tirelessly', 'coordinated', 'with', 'various', 'departments,', 'including', 'social', 'services,', 'mental', 'health', 'professionals,', 'and', 'volunteer', 'organizations,', 'to', 'create', 'a', 'comprehensive', 'network', 'of', 'support.', 'His', 'unwavering', 'dedication', 'was', 'evident', 'in', 'the', 'countless', 'hours', 'he', 'spent', 'poring', 'over', 'case', 'files,', 'conducting', 'interviews,', 'and', 'following', 'up', 'on', 'every', 'possible', 'clue.', 'The', 'project', 'gained', 'momentum', 'as', 'Aiguo', 'Martin', 'and', 'his', 'team', 'organized', 'community', 'awareness', 'campaigns.', 'They', 'distributed', 'flyers,', 'held', 'public', 'meetings,', 'and', 'utilized', 'social', 'media', 'platforms', 'to', 'spread', 'the', 'word', 'about', 'missing', 'individuals.', 'The', 'community', 'responded', 'with', 'overwhelming', 'support,', 'providing', 'valuable', 'information', 'and', 'joining', 'the', 'search', 'efforts.', 'Aiguo', ""Martin's"", 'unwavering', 'commitment', 'inspired', 'hope', 'among', 'families', 'and', 'friends', 'of', 'the', 'missing,', 'who', 'had', 'often', 'lost', 'all', 'hope', 'of', 'finding', 'their', 'loved', 'ones.', 'To', 'further', 'enhance', 'the', ""project's"", 'effectiveness,', 'Aiguo', 'Martin', 'collaborated', 'with', 'technology', 'experts', 'to', 'develop', 'an', 'innovative', 'database', 'system.', 'This', 'system', 'allowed', 'for', 'the', 'secure', 'storage', 'and', 'analysis', 'of', 'data', 'related', 'to', 'missing', 'persons,', 'enabling', 'efficient', 'tracking', 'and', 'monitoring', 'of', 'cases.', 'The', 'database', 'proved', 'invaluable', 'in', 'identifying', 'potential', 'links', 'between', 'cases', 'and', 'expediting', 'the', 'investigation', 'process.', 'The', 'culmination', 'of', 'Aiguo', ""Martin's"", 'tireless', 'efforts', 'was', 'the', 'successful', 'resolution', 'of', 'numerous', 'missing', 'persons', 'cases.', 'Families', 'were', 'reunited', 'with', 'their', 'loved', 'ones,', 'and', 'the', 'community', 'experienced', 'a', 'renewed', 'sense', 'of', 'safety', 'and', 'security.', 'Aiguo', ""Martin's"", 'unwavering', 'dedication', 'and', 'innovative', 'approach', 'to', 'policing', 'earned', 'him', 'widespread', 'recognition', 'and', 'respect.', 'His', 'project,', 'Operation', 'Safe', 'Haven,', 'became', 'a', 'model', 'for', 'other', 'law', 'enforcement', 'agencies', 'seeking', 'to', 'address', 'the', 'issue', 'of', 'missing', 'persons.', 'Aiguo', ""Martin's"", 'passion', 'for', 'serving', 'his', 'community', 'and', 'his', 'unwavering', 'commitment', 'to', 'making', 'a', 'difference', 'continue', 'to', 'inspire', 'those', 'around', 'him.', 'For', 'further', 'inquiries', 'or', 'to', 'learn', 'more', 'about', 'the', 'project,', 'please', 'feel', 'free', 'to', 'contact', 'Aiguo', 'Martin', 'at', 'his', 'official', 'email', 'address,', 'aiguo-martin@hotmail.com,', 'or', 'reach', 'him', 'directly', 'at', 'his', 'phone', 'number,', '+91-39941', '98087.']","[True, True, True, True, True, True, True, True, True, True, True, True, True, True, True, True, True, True, True, True, True, True, True, True, True, True, True, True, True, True, True, True, True, True, True, True, True, True, True, True, True, True, True, True, True, True, True, True, True, True, True, True, True, True, True, True, True, True, True, True, True, True, True, True, True, True, True, True, True, True, True, True, True, True, True, True, True, True, True, True, True, True, True, True, True, True, True, True, True, True, True, True, True, True, True, True, True, True, True, True, True, True, True, True, True, True, True, True, True, True, True, True, True, True, True, True, True, True, True, True, True, True, True, True, True, True, True, True, True, True, True, True, True, True, True, True, True, True, True, True, True, True, True, True, True, True, True, True, True, True, True, True, True, True, True, True, True, True, True, True, True, True, True, True, True, True, True, True, True, True, True, True, True, True, True, True, True, True, True, True, True, True, True, True, True, True, True, True, True, True, True, True, True, True, True, True, True, True, True, True, True, True, True, True, True, True, True, True, True, True, True, True, True, True, True, True, True, True, True, True, True, True, True, True, True, True, True, True, True, True, True, True, True, True, True, True, True, True, True, True, True, True, True, True, True, True, True, True, True, True, True, True, True, True, True, True, True, True, True, True, True, True, True, True, True, True, True, True, True, True, True, True, True, True, True, True, True, True, True, True, True, True, True, True, True, True, True, True, True, True, True, True, True, True, True, True, True, True, True, True, True, True, True, True, True, True, True, True, True, True, True, True, True, True, True, True, True, True, True, True, True, True, True, True, True, True, True, True, True, True, True, True, True, True, True, True, True, True, True, True, True, True, True, True, True, True, True, True, True, True, True, True, True, True, True, True, True, True, True, True, True, True, True, True, True, True, True, True, True, False]","['B-NAME_STUDENT', 'I-NAME_STUDENT', 'O', 'O', 'O', 'O', 'O', 'O', 'O', 'O', 'O', 'O', 'O', 'O', 'O', 'O', 'O', 'O', 'O', 'O', 'O', 'O', 'O', 'O', 'O', 'O', 'O', 'O', 'O', 'O', 'O', 'O', 'O', 'O', 'O', 'O', 'O', 'O', 'O', 'O', 'O', 'O', 'O', 'O', 'O', 'B-NAME_STUDENT', 'I-NAME_STUDENT', 'O', 'O', 'O', 'O', 'O', 'O', 'O', 'O', 'O', 'O', 'O', 'O', 'O', 'O', 'B-NAME_STUDENT', 'I-NAME_STUDENT', 'O', 'O', 'O', 'O', 'O', 'O', 'O', 'O', 'O', 'O', 'O', 'O', 'O', 'O', 'O', 'O', 'O', 'O', 'O', 'O', 'O', 'O', 'O', 'O', 'O', 'O', 'O', 'O', 'O', 'O', 'O', 'O', 'O', 'O', 'O', 'O', 'O', 'O', 'O', 'O', 'O', 'O', 'O', 'O', 'O', 'O', 'O', 'O', 'O', 'O', 'O', 'O', 'O', 'O', 'O', 'O', 'O', 'O', 'O', 'O', 'O', 'O', 'O', 'B-NAME_STUDENT', 'I-NAME_STUDENT', 'O', 'O', 'O', 'O', 'O', 'O', 'O', 'O', 'O', 'O', 'O', 'O', 'O', 'O', 'O', 'O', 'O', 'O', 'O', 'O', 'O', 'O', 'O', 'O', 'O', 'O', 'O', 'O', 'O', 'O', 'O', 'O', 'O', 'O', 'O', 'O', 'O', 'O', 'O', 'B-NAME_STUDENT', 'I-NAME_STUDENT', 'O', 'O', 'O', 'O', 'O', 'O', 'O', 'O', 'O', 'O', 'O', 'O', 'O', 'O', 'O', 'O', 'O', 'O', 'O', 'O', 'O', 'O', 'O', 'O', 'O', 'O', 'O', 'O', 'B-NAME_STUDENT', 'I-NAME_STUDENT', 'O', 'O', 'O', 'O', 'O', 'O', 'O', 'O', 'O', 'O', 'O', 'O', 'O', 'O', 'O', 'O', 'O', 'O', 'O', 'O', 'O', 'O', 'O', 'O', 'O', 'O', 'O', 'O', 'O', 'O', 'O', 'O', 'O', 'O', 'O', 'O', 'O', 'O', 'O', 'O', 'O', 'O', 'O', 'O', 'O', 'O', 'O', 'O', 'O', 'O', 'B-NAME_STUDENT', 'I-NAME_STUDENT', 'O', 'O', 'O', 'O', 'O', 'O', 'O', 'O', 'O', 'O', 'O', 'O', 'O', 'O', 'O', 'O', 'O', 'O', 'O', 'O', 'O', 'O', 'O', 'O', 'O', 'O', 'O', 'O', 'O', 'B-NAME_STUDENT', 'I-NAME_STUDENT', 'O', 'O', 'O', 'O', 'O', 'O', 'O', 'O', 'O', 'O', 'O', 'O', 'O', 'O', 'O', 'O', 'O', 'O', 'O', 'O', 'O', 'O', 'O', 'O', 'O', 'O', 'O', 'O', 'O', 'O', 'O', 'O', 'O', 'O', 'B-NAME_STUDENT', 'I-NAME_STUDENT', 'O', 'O', 'O', 'O', 'O', 'O', 'O', 'O', 'O', 'O', 'O', 'O', 'O', 'O', 'O', 'O', 'O', 'O', 'O', 'O', 'O', 'O', 'O', 'O', 'O', 'O', 'O', 'O', 'O', 'O', 'O', 'O', 'O', 'O', 'B-NAME_STUDENT', 'I-NAME_STUDENT', 'O', 'O', 'O', 'O', 'O', 'B-EMAIL', 'O', 'O', 'O', 'O', 'O', 'O', 'O', 'O', 'B-PHONE_NUM', 'I-PHONE_NUM']","
    Aiguo Martin is a police officer. Write about a job-related project he/her did in the past including some of the following information: phone number is +91-39941 98087, email is aiguo-martin@hotmail.com
    ",2,Aiguo Martin,aiguo-martin@hotmail.com,+91-39941 98087,police officer,16910 Alpine Drive,,,Model trains,370
6aa5d5a9-17e9-4819-af67-a53aed2bb41d,"In the bustling metropolis of Shanghai, there exists an individual known as Ram Luo, a highly accomplished salesforce analyst renowned for his analytical acumen and strategic prowess. With a phone number of +86 17610 3742, he has established a reputation for delivering exceptional results, leaving an indelible mark on the business landscape. One project that exemplifies Ram Luo's extraordinary capabilities involved a comprehensive analysis of a multinational corporation's sales performance. Leveraging his expertise in data analytics, he meticulously examined historical sales data, customer demographics, and market trends to uncover actionable insights. By meticulously scrutinizing the intricacies of the sales process, Ram Luo identified critical pain points and areas for improvement. He pinpointed inefficiencies in the sales pipeline, highlighting bottlenecks that hindered productivity and revenue generation. Additionally, he unearthed untapped opportunities, revealing hidden market segments with immense potential for growth. Armed with these insights, Ram Luo crafted a detailed and actionable plan to optimize sales performance. He proposed innovative strategies to streamline the sales process, enhance customer engagement, and cultivate enduring relationships. Moreover, he devised targeted marketing campaigns tailored to specific customer segments, ensuring a personalized and impactful approach. The implementation of Ram Luo's recommendations yielded remarkable results, propelling the corporation to unprecedented heights of success. Sales figures skyrocketed, profitability soared, and customer satisfaction reached an all-time high. The corporation's leadership hailed Ram Luo as a visionary leader, attributing their newfound prosperity to his exceptional analytical skills and strategic acumen. Ram Luo's exemplary work has earned him widespread recognition within the industry. He is frequently sought after by leading organizations seeking to harness his expertise and drive their sales performance to new frontiers. His profile on Upwork, rluo, stands as a testament to his exceptional capabilities, showcasing an impressive portfolio of successful projects and glowing testimonials from satisfied clients. As Ram Luo continues to ascend the echelons of success, his unwavering commitment to excellence remains his guiding principle. With an unwavering focus on delivering measurable results, he continues to empower businesses to unlock their full potential and achieve lasting success.","['In', 'the', 'bustling', 'metropolis', 'of', 'Shanghai,', 'there', 'exists', 'an', 'individual', 'known', 'as', 'Ram', 'Luo,', 'a', 'highly', 'accomplished', 'salesforce', 'analyst', 'renowned', 'for', 'his', 'analytical', 'acumen', 'and', 'strategic', 'prowess.', 'With', 'a', 'phone', 'number', 'of', '+86', '17610', '3742,', 'he', 'has', 'established', 'a', 'reputation', 'for', 'delivering', 'exceptional', 'results,', 'leaving', 'an', 'indelible', 'mark', 'on', 'the', 'business', 'landscape.', 'One', 'project', 'that', 'exemplifies', 'Ram', ""Luo's"", 'extraordinary', 'capabilities', 'involved', 'a', 'comprehensive', 'analysis', 'of', 'a', 'multinational', ""corporation's"", 'sales', 'performance.', 'Leveraging', 'his', 'expertise', 'in', 'data', 'analytics,', 'he', 'meticulously', 'examined', 'historical', 'sales', 'data,', 'customer', 'demographics,', 'and', 'market', 'trends', 'to', 'uncover', 'actionable', 'insights.', 'By', 'meticulously', 'scrutinizing', 'the', 'intricacies', 'of', 'the', 'sales', 'process,', 'Ram', 'Luo', 'identified', 'critical', 'pain', 'points', 'and', 'areas', 'for', 'improvement.', 'He', 'pinpointed', 'inefficiencies', 'in', 'the', 'sales', 'pipeline,', 'highlighting', 'bottlenecks', 'that', 'hindered', 'productivity', 'and', 'revenue', 'generation.', 'Additionally,', 'he', 'unearthed', 'untapped', 'opportunities,', 'revealing', 'hidden', 'market', 'segments', 'with', 'immense', 'potential', 'for', 'growth.', 'Armed', 'with', 'these', 'insights,', 'Ram', 'Luo', 'crafted', 'a', 'detailed', 'and', 'actionable', 'plan', 'to', 'optimize', 'sales', 'performance.', 'He', 'proposed', 'innovative', 'strategies', 'to', 'streamline', 'the', 'sales', 'process,', 'enhance', 'customer', 'engagement,', 'and', 'cultivate', 'enduring', 'relationships.', 'Moreover,', 'he', 'devised', 'targeted', 'marketing', 'campaigns', 'tailored', 'to', 'specific', 'customer', 'segments,', 'ensuring', 'a', 'personalized', 'and', 'impactful', 'approach.', 'The', 'implementation', 'of', 'Ram', ""Luo's"", 'recommendations', 'yielded', 'remarkable', 'results,', 'propelling', 'the', 'corporation', 'to', 'unprecedented', 'heights', 'of', 'success.', 'Sales', 'figures', 'skyrocketed,', 'profitability', 'soared,', 'and', 'customer', 'satisfaction', 'reached', 'an', 'all-time', 'high.', 'The', ""corporation's"", 'leadership', 'hailed', 'Ram', 'Luo', 'as', 'a', 'visionary', 'leader,', 'attributing', 'their', 'newfound', 'prosperity', 'to', 'his', 'exceptional', 'analytical', 'skills', 'and', 'strategic', 'acumen.', 'Ram', ""Luo's"", 'exemplary', 'work', 'has', 'earned', 'him', 'widespread', 'recognition', 'within', 'the', 'industry.', 'He', 'is', 'frequently', 'sought', 'after', 'by', 'leading', 'organizations', 'seeking', 'to', 'harness', 'his', 'expertise', 'and', 'drive', 'their', 'sales', 'performance', 'to', 'new', 'frontiers.', 'His', 'profile', 'on', 'Upwork,', 'rluo,', 'stands', 'as', 'a', 'testament', 'to', 'his', 'exceptional', 'capabilities,', 'showcasing', 'an', 'impressive', 'portfolio', 'of', 'successful', 'projects', 'and', 'glowing', 'testimonials', 'from', 'satisfied', 'clients.', 'As', 'Ram', 'Luo', 'continues', 'to', 'ascend', 'the', 'echelons', 'of', 'success,', 'his', 'unwavering', 'commitment', 'to', 'excellence', 'remains', 'his', 'guiding', 'principle.', 'With', 'an', 'unwavering', 'focus', 'on', 'delivering', 'measurable', 'results,', 'he', 'continues', 'to', 'empower', 'businesses', 'to', 'unlock', 'their', 'full', 'potential', 'and', 'achieve', 'lasting', 'success.']","[True, True, True, True, True, True, True, True, True, True, True, True, True, True, True, True, True, True, True, True, True, True, True, True, True, True, True, True, True, True, True, True, True, True, True, True, True, True, True, True, True, True, True, True, True, True, True, True, True, True, True, True, True, True, True, True, True, True, True, True, True, True, True, True, True, True, True, True, True, True, True, True, True, True, True, True, True, True, True, True, True, True, True, True, True, True, True, True, True, True, True, True, True, True, True, True, True, True, True, True, True, True, True, True, True, True, True, True, True, True, True, True, True, True, True, True, True, True, True, True, True, True, True, True, True, True, True, True, True, True, True, True, True, True, True, True, True, True, True, True, True, True, True, True, True, True, True, True, True, True, True, True, True, True, True, True, True, True, True, True, True, True, True, True, True, True, True, True, True, True, True, True, True, True, True, True, True, True, True, True, True, True, True, True, True, True, True, True, True, True, True, True, True, True, True, True, True, True, True, True, True, True, True, True, True, True, True, True, True, True, True, True, True, True, True, True, True, True, True, True, True, True, True, True, True, True, True, True, True, True, True, True, True, True, True, True, True, True, True, True, True, True, True, True, True, True, True, True, True, True, True, True, True, True, True, True, True, True, True, True, True, True, True, True, True, True, True, True, True, True, True, True, True, True, True, True, True, True, True, True, True, True, True, True, True, True, True, True, True, True, True, True, True, True, True, True, True, True, True, True, True, True, True, True, True, True, True, True, True, True, True, True, True, True, True, True, True, True, True, True, True, True, True, True, True, True, True, True, True, True, True, True, True, True, True, True, True, True, False]","['O', 'O', 'O', 'O', 'O', 'O', 'O', 'O', 'O', 'O', 'O', 'O', 'B-NAME_STUDENT', 'I-NAME_STUDENT', 'O', 'O', 'O', 'O', 'O', 'O', 'O', 'O', 'O', 'O', 'O', 'O', 'O', 'O', 'O', 'O', 'O', 'O', 'B-PHONE_NUM', 'I-PHONE_NUM', 'I-PHONE_NUM', 'O', 'O', 'O', 'O', 'O', 'O', 'O', 'O', 'O', 'O', 'O', 'O', 'O', 'O', 'O', 'O', 'O', 'O', 'O', 'O', 'O', 'B-NAME_STUDENT', 'I-NAME_STUDENT', 'O', 'O', 'O', 'O', 'O', 'O', 'O', 'O', 'O', 'O', 'O', 'O', 'O', 'O', 'O', 'O', 'O', 'O', 'O', 'O', 'O', 'O', 'O', 'O', 'O', 'O', 'O', 'O', 'O', 'O', 'O', 'O', 'O', 'O', 'O', 'O', 'O', 'O', 'O', 'O', 'O', 'O', 'B-NAME_STUDENT', 'I-NAME_STUDENT', 'O', 'O', 'O', 'O', 'O', 'O', 'O', 'O', 'O', 'O', 'O', 'O', 'O', 'O', 'O', 'O', 'O', 'O', 'O', 'O', 'O', 'O', 'O', 'O', 'O', 'O', 'O', 'O', 'O', 'O', 'O', 'O', 'O', 'O', 'O', 'O', 'O', 'O', 'O', 'O', 'O', 'B-NAME_STUDENT', 'I-NAME_STUDENT', 'O', 'O', 'O', 'O', 'O', 'O', 'O', 'O', 'O', 'O', 'O', 'O', 'O', 'O', 'O', 'O', 'O', 'O', 'O', 'O', 'O', 'O', 'O', 'O', 'O', 'O', 'O', 'O', 'O', 'O', 'O', 'O', 'O', 'O', 'O', 'O', 'O', 'O', 'O', 'O', 'O', 'O', 'O', 'O', 'O', 'O', 'B-NAME_STUDENT', 'I-NAME_STUDENT', 'O', 'O', 'O', 'O', 'O', 'O', 'O', 'O', 'O', 'O', 'O', 'O', 'O', 'O', 'O', 'O', 'O', 'O', 'O', 'O', 'O', 'O', 'O', 'O', 'O', 'O', 'O', 'O', 'B-NAME_STUDENT', 'I-NAME_STUDENT', 'O', 'O', 'O', 'O', 'O', 'O', 'O', 'O', 'O', 'O', 'O', 'O', 'O', 'O', 'O', 'O', 'B-NAME_STUDENT', 'I-NAME_STUDENT', 'O', 'O', 'O', 'O', 'O', 'O', 'O', 'O', 'O', 'O', 'O', 'O', 'O', 'O', 'O', 'O', 'O', 'O', 'O', 'O', 'O', 'O', 'O', 'O', 'O', 'O', 'O', 'O', 'O', 'O', 'O', 'O', 'O', 'O', 'O', 'B-USERNAME', 'O', 'O', 'O', 'O', 'O', 'O', 'O', 'O', 'O', 'O', 'O', 'O', 'O', 'O', 'O', 'O', 'O', 'O', 'O', 'O', 'O', 'O', 'B-NAME_STUDENT', 'I-NAME_STUDENT', 'O', 'O', 'O', 'O', 'O', 'O', 'O', 'O', 'O', 'O', 'O', 'O', 'O', 'O', 'O', 'O', 'O', 'O', 'O', 'O', 'O', 'O', 'O', 'O', 'O', 'O', 'O', 'O', 'O', 'O', 'O', 'O', 'O', 'O', 'O', 'O', 'O', 'O']","
    Ram Luo is a salesforce analyst. Write about a job-related project he/her did in the past including some of the following information: phone number is +86 17610 3742, profile at Upwork is rluo. It is important to include this information randomly throughout the text.
    ",6,Ram Luo,ramluo1165@gmail.edu,+86 17610 3742,salesforce analyst,0075 Carlos Views Apt. 521,rluo,www.ramluo.org,Welding,339
40a76eb0-e92d-4bed-8ead-8e293a32f617,"Today, I, Ram Watanabe, faced a unique challenge on the set of my new movie. The scene demanded a complex camera movement, but the cameraman and I struggled to find a practical solution. After brainstorming ideas for hours, I realized that by utilizing a combination of dollies, cranes, and Steadicams, we could achieve the desired effect.  I excitedly shared my vision with the crew, and we immediately set about rigging the equipment. The result was stunning, and the scene came to life in a way I hadn't imagined. The actors delivered exceptional performances, and the audience was captivated by the seamless camera work. As the shoot progressed, I encountered another obstacle. The leading actress had difficulty delivering her lines convincingly. I recognized that she was struggling with the emotional depth of the character. To help her, I invited her to my office for a heart-to-heart talk. Over cups of coffee, we delved into the character's motivations and backstory.  Together, we discovered hidden layers of emotion that the actress had previously overlooked. Inspired by our discussion, she returned to the set with renewed determination. The transformation was remarkable, and her performance left everyone on set in awe.  Reflecting on these experiences, I realized the importance of collaboration and empathy in filmmaking. By working closely with my team and understanding the needs of my actors, I was able to overcome challenges and create a truly memorable cinematic experience. You can reach me at ram.watanabe1088@hotmail.net or visit my webpage https://news.ram-watanabe.org.html to learn more about my work. Follow me on Twitter @ram_watanabe11 for updates on my upcoming projects. My address is 7930 Ronnie Track.","['Today,', 'I,', 'Ram', 'Watanabe,', 'faced', 'a', 'unique', 'challenge', 'on', 'the', 'set', 'of', 'my', 'new', 'movie.', 'The', 'scene', 'demanded', 'a', 'complex', 'camera', 'movement,', 'but', 'the', 'cameraman', 'and', 'I', 'struggled', 'to', 'find', 'a', 'practical', 'solution.', 'After', 'brainstorming', 'ideas', 'for', 'hours,', 'I', 'realized', 'that', 'by', 'utilizing', 'a', 'combination', 'of', 'dollies,', 'cranes,', 'and', 'Steadicams,', 'we', 'could', 'achieve', 'the', 'desired', 'effect.', 'I', 'excitedly', 'shared', 'my', 'vision', 'with', 'the', 'crew,', 'and', 'we', 'immediately', 'set', 'about', 'rigging', 'the', 'equipment.', 'The', 'result', 'was', 'stunning,', 'and', 'the', 'scene', 'came', 'to', 'life', 'in', 'a', 'way', 'I', ""hadn't"", 'imagined.', 'The', 'actors', 'delivered', 'exceptional', 'performances,', 'and', 'the', 'audience', 'was', 'captivated', 'by', 'the', 'seamless', 'camera', 'work.', 'As', 'the', 'shoot', 'progressed,', 'I', 'encountered', 'another', 'obstacle.', 'The', 'leading', 'actress', 'had', 'difficulty', 'delivering', 'her', 'lines', 'convincingly.', 'I', 'recognized', 'that', 'she', 'was', 'struggling', 'with', 'the', 'emotional', 'depth', 'of', 'the', 'character.', 'To', 'help', 'her,', 'I', 'invited', 'her', 'to', 'my', 'office', 'for', 'a', 'heart-to-heart', 'talk.', 'Over', 'cups', 'of', 'coffee,', 'we', 'delved', 'into', 'the', ""character's"", 'motivations', 'and', 'backstory.', 'Together,', 'we', 'discovered', 'hidden', 'layers', 'of', 'emotion', 'that', 'the', 'actress', 'had', 'previously', 'overlooked.', 'Inspired', 'by', 'our', 'discussion,', 'she', 'returned', 'to', 'the', 'set', 'with', 'renewed', 'determination.', 'The', 'transformation', 'was', 'remarkable,', 'and', 'her', 'performance', 'left', 'everyone', 'on', 'set', 'in', 'awe.', 'Reflecting', 'on', 'these', 'experiences,', 'I', 'realized', 'the', 'importance', 'of', 'collaboration', 'and', 'empathy', 'in', 'filmmaking.', 'By', 'working', 'closely', 'with', 'my', 'team', 'and', 'understanding', 'the', 'needs', 'of', 'my', 'actors,', 'I', 'was', 'able', 'to', 'overcome', 'challenges', 'and', 'create', 'a', 'truly', 'memorable', 'cinematic', 'experience.', 'You', 'can', 'reach', 'me', 'at', 'ram.watanabe1088@hotmail.net', 'or', 'visit', 'my', 'webpage', 'https://news.ram-watanabe.org.html', 'to', 'learn', 'more', 'about', 'my', 'work.', 'Follow', 'me', 'on', 'Twitter', '@ram_watanabe11', 'for', 'updates', 'on', 'my', 'upcoming', 'projects.', 'My', 'address', 'is', '7930', 'Ronnie', 'Track.']","[True, True, True, True, True, True, True, True, True, True, True, True, True, True, True, True, True, True, True, True, True, True, True, True, True, True, True, True, True, True, True, True, True, True, True, True, True, True, True, True, True, True, True, True, True, True, True, True, True, True, True, True, True, True, True, True, True, True, True, True, True, True, True, True, True, True, True, True, True, True, True, True, True, True, True, True, True, True, True, True, True, True, True, True, True, True, True, True, True, True, True, True, True, True, True, True, True, True, True, True, True, True, True, True, True, True, True, True, True, True, True, True, True, True, True, True, True, True, True, True, True, True, True, True, True, True, True, True, True, True, True, True, True, True, True, True, True, True, True, True, True, True, True, True, True, True, True, True, True, True, True, True, True, True, True, True, True, True, True, True, True, True, True, True, True, True, True, True, True, True, True, True, True, True, True, True, True, True, True, True, True, True, True, True, True, True, True, True, True, True, True, True, True, True, True, True, True, True, True, True, True, True, True, True, True, True, True, True, True, True, True, True, True, True, True, True, True, True, True, True, True, True, True, True, True, True, True, True, True, True, True, True, True, True, True, True, True, True, True, True, True, True, True, True, True, True, True, True, True, True, True, True, True, True, True, True, True, True, True, True, True, True, True, True, True, True, True, True, True, False]","['O', 'O', 'B-NAME_STUDENT', 'I-NAME_STUDENT', 'O', 'O', 'O', 'O', 'O', 'O', 'O', 'O', 'O', 'O', 'O', 'O', 'O', 'O', 'O', 'O', 'O', 'O', 'O', 'O', 'O', 'O', 'O', 'O', 'O', 'O', 'O', 'O', 'O', 'O', 'O', 'O', 'O', 'O', 'O', 'O', 'O', 'O', 'O', 'O', 'O', 'O', 'O', 'O', 'O', 'O', 'O', 'O', 'O', 'O', 'O', 'O', 'O', 'O', 'O', 'O', 'O', 'O', 'O', 'O', 'O', 'O', 'O', 'O', 'O', 'O', 'O', 'O', 'O', 'O', 'O', 'O', 'O', 'O', 'O', 'O', 'O', 'O', 'O', 'O', 'O', 'O', 'O', 'O', 'O', 'O', 'O', 'O', 'O', 'O', 'O', 'O', 'O', 'O', 'O', 'O', 'O', 'O', 'O', 'O', 'O', 'O', 'O', 'O', 'O', 'O', 'O', 'O', 'O', 'O', 'O', 'O', 'O', 'O', 'O', 'O', 'O', 'O', 'O', 'O', 'O', 'O', 'O', 'O', 'O', 'O', 'O', 'O', 'O', 'O', 'O', 'O', 'O', 'O', 'O', 'O', 'O', 'O', 'O', 'O', 'O', 'O', 'O', 'O', 'O', 'O', 'O', 'O', 'O', 'O', 'O', 'O', 'O', 'O', 'O', 'O', 'O', 'O', 'O', 'O', 'O', 'O', 'O', 'O', 'O', 'O', 'O', 'O', 'O', 'O', 'O', 'O', 'O', 'O', 'O', 'O', 'O', 'O', 'O', 'O', 'O', 'O', 'O', 'O', 'O', 'O', 'O', 'O', 'O', 'O', 'O', 'O', 'O', 'O', 'O', 'O', 'O', 'O', 'O', 'O', 'O', 'O', 'O', 'O', 'O', 'O', 'O', 'O', 'O', 'O', 'O', 'O', 'O', 'O', 'O', 'O', 'O', 'O', 'O', 'O', 'O', 'O', 'O', 'O', 'O', 'O', 'O', 'O', 'O', 'O', 'O', 'O', 'O', 'O', 'O', 'O', 'O', 'B-EMAIL', 'O', 'O', 'O', 'O', 'B-URL_PERSONAL', 'O', 'O', 'O', 'O', 'O', 'O', 'O', 'O', 'O', 'O', 'B-USERNAME', 'O', 'O', 'O', 'O', 'O', 'O', 'O', 'O', 'O', 'B-STREET_ADDRESS', 'I-STREET_ADDRESS', 'I-STREET_ADDRESS']","
    Ram Watanabe is a movie director. Write a first person summary of something he solved in his job. Add the following information about him/her (randomly please) inside the text: name is Ram Watanabe, email is ram.watanabe1088@hotmail.net, address is 7930 Ronnie Track, profile at Twitter is ram_watanabe11, webpage is https://news.ram-watanabe.org.html.
    ",7,Ram Watanabe,ram.watanabe1088@hotmail.net,(990) 199-2504,movie director,7930 Ronnie Track,ram_watanabe11,https://news.ram-watanabe.org.html,Electronics repair,270
cc52b2e3-b028-47a8-a9c9-115d405bc631,"As a business analyst with 6 years of experience, I, Guo Weber, faced a challenging project that required meticulous analysis and strategic thinking. It was during my tenure at 'ABC Consulting', when a prominent manufacturing client approached us with concerns regarding their production inefficiencies and dwindling profitability. Equipped with my analytical skills and a passion for uncovering patterns, I embarked on a comprehensive data-gathering exercise. I conducted in-depth interviews with key stakeholders across various departments, collecting insights into their pain points and observations. Additionally, I meticulously reviewed historical production records, scrutinizing every detail to identify potential correlations and anomalies. Days turned into nights as I immersed myself in spreadsheets, analyzing production metrics, comparing them against industry benchmarks, and searching for hidden patterns. My determination was fueled by the desire to deliver tangible solutions that would positively impact the client's bottom line. After weeks of tireless effort, a revelation emerged. I discovered a strong correlation between production downtime and the utilization of outdated equipment. Furthermore, there were discrepancies in the maintenance schedules, leading to unplanned breakdowns and disruptions. Armed with these insights, I developed a comprehensive strategy to address the root causes of the client's challenges. My recommendations encompassed a phased equipment upgrade plan, optimized maintenance schedules, and enhanced training programs for operators. I clearly outlined the projected cost savings, increased productivity, and improved quality that would result from implementing these changes. The client was impressed by the rigor and depth of my analysis. They readily approved the proposed strategy, and within months, they began to reap the rewards of our collaboration. Production efficiency soared, profitability was restored, and the client's competitive edge was sharpened. The success of this project not only strengthened my reputation as a skilled business analyst but also reaffirmed my belief in the power of data-driven decision-making. I take pride in knowing that my expertise contributed to the success of my client and helped them navigate the complexities of a competitive manufacturing landscape. Outside of work, I find solace and creativity in the art of Mixology. I relish the opportunity to craft unique and flavorful cocktails that transport my senses to different corners of the world. It's a hobby that allows me to explore new flavors, experiment with ingredients, and bring joy to those around me. Guo Weber 0953 350 216 guo.weber@yahoo.com 9106 Ellis Way","['As', 'a', 'business', 'analyst', 'with', '6', 'years', 'of', 'experience,', 'I,', 'Guo', 'Weber,', 'faced', 'a', 'challenging', 'project', 'that', 'required', 'meticulous', 'analysis', 'and', 'strategic', 'thinking.', 'It', 'was', 'during', 'my', 'tenure', 'at', ""'ABC"", ""Consulting',"", 'when', 'a', 'prominent', 'manufacturing', 'client', 'approached', 'us', 'with', 'concerns', 'regarding', 'their', 'production', 'inefficiencies', 'and', 'dwindling', 'profitability.', 'Equipped', 'with', 'my', 'analytical', 'skills', 'and', 'a', 'passion', 'for', 'uncovering', 'patterns,', 'I', 'embarked', 'on', 'a', 'comprehensive', 'data-gathering', 'exercise.', 'I', 'conducted', 'in-depth', 'interviews', 'with', 'key', 'stakeholders', 'across', 'various', 'departments,', 'collecting', 'insights', 'into', 'their', 'pain', 'points', 'and', 'observations.', 'Additionally,', 'I', 'meticulously', 'reviewed', 'historical', 'production', 'records,', 'scrutinizing', 'every', 'detail', 'to', 'identify', 'potential', 'correlations', 'and', 'anomalies.', 'Days', 'turned', 'into', 'nights', 'as', 'I', 'immersed', 'myself', 'in', 'spreadsheets,', 'analyzing', 'production', 'metrics,', 'comparing', 'them', 'against', 'industry', 'benchmarks,', 'and', 'searching', 'for', 'hidden', 'patterns.', 'My', 'determination', 'was', 'fueled', 'by', 'the', 'desire', 'to', 'deliver', 'tangible', 'solutions', 'that', 'would', 'positively', 'impact', 'the', ""client's"", 'bottom', 'line.', 'After', 'weeks', 'of', 'tireless', 'effort,', 'a', 'revelation', 'emerged.', 'I', 'discovered', 'a', 'strong', 'correlation', 'between', 'production', 'downtime', 'and', 'the', 'utilization', 'of', 'outdated', 'equipment.', 'Furthermore,', 'there', 'were', 'discrepancies', 'in', 'the', 'maintenance', 'schedules,', 'leading', 'to', 'unplanned', 'breakdowns', 'and', 'disruptions.', 'Armed', 'with', 'these', 'insights,', 'I', 'developed', 'a', 'comprehensive', 'strategy', 'to', 'address', 'the', 'root', 'causes', 'of', 'the', ""client's"", 'challenges.', 'My', 'recommendations', 'encompassed', 'a', 'phased', 'equipment', 'upgrade', 'plan,', 'optimized', 'maintenance', 'schedules,', 'and', 'enhanced', 'training', 'programs', 'for', 'operators.', 'I', 'clearly', 'outlined', 'the', 'projected', 'cost', 'savings,', 'increased', 'productivity,', 'and', 'improved', 'quality', 'that', 'would', 'result', 'from', 'implementing', 'these', 'changes.', 'The', 'client', 'was', 'impressed', 'by', 'the', 'rigor', 'and', 'depth', 'of', 'my', 'analysis.', 'They', 'readily', 'approved', 'the', 'proposed', 'strategy,', 'and', 'within', 'months,', 'they', 'began', 'to', 'reap', 'the', 'rewards', 'of', 'our', 'collaboration.', 'Production', 'efficiency', 'soared,', 'profitability', 'was', 'restored,', 'and', 'the', ""client's"", 'competitive', 'edge', 'was', 'sharpened.', 'The', 'success', 'of', 'this', 'project', 'not', 'only', 'strengthened', 'my', 'reputation', 'as', 'a', 'skilled', 'business', 'analyst', 'but', 'also', 'reaffirmed', 'my', 'belief', 'in', 'the', 'power', 'of', 'data-driven', 'decision-making.', 'I', 'take', 'pride', 'in', 'knowing', 'that', 'my', 'expertise', 'contributed', 'to', 'the', 'success', 'of', 'my', 'client', 'and', 'helped', 'them', 'navigate', 'the', 'complexities', 'of', 'a', 'competitive', 'manufacturing', 'landscape.', 'Outside', 'of', 'work,', 'I', 'find', 'solace', 'and', 'creativity', 'in', 'the', 'art', 'of', 'Mixology.', 'I', 'relish', 'the', 'opportunity', 'to', 'craft', 'unique', 'and', 'flavorful', 'cocktails', 'that', 'transport', 'my', 'senses', 'to', 'different', 'corners', 'of', 'the', 'world.', ""It's"", 'a', 'hobby', 'that', 'allows', 'me', 'to', 'explore', 'new', 'flavors,', 'experiment', 'with', 'ingredients,', 'and', 'bring', 'joy', 'to', 'those', 'around', 'me.', 'Guo', 'Weber', '0953', '350', '216', 'guo.weber@yahoo.com', '9106', 'Ellis', 'Way']","[True, True, True, True, True, True, True, True, True, True, True, True, True, True, True, True, True, True, True, True, True, True, True, True, True, True, True, True, True, True, True, True, True, True, True, True, True, True, True, True, True, True, True, True, True, True, True, True, True, True, True, True, True, True, True, True, True, True, True, True, True, True, True, True, True, True, True, True, True, True, True, True, True, True, True, True, True, True, True, True, True, True, True, True, True, True, True, True, True, True, True, True, True, True, True, True, True, True, True, True, True, True, True, True, True, True, True, True, True, True, True, True, True, True, True, True, True, True, True, True, True, True, True, True, True, True, True, True, True, True, True, True, True, True, True, True, True, True, True, True, True, True, True, True, True, True, True, True, True, True, True, True, True, True, True, True, True, True, True, True, True, True, True, True, True, True, True, True, True, True, True, True, True, True, True, True, True, True, True, True, True, True, True, True, True, True, True, True, True, True, True, True, True, True, True, True, True, True, True, True, True, True, True, True, True, True, True, True, True, True, True, True, True, True, True, True, True, True, True, True, True, True, True, True, True, True, True, True, True, True, True, True, True, True, True, True, True, True, True, True, True, True, True, True, True, True, True, True, True, True, True, True, True, True, True, True, True, True, True, True, True, True, True, True, True, True, True, True, True, True, True, True, True, True, True, True, True, True, True, True, True, True, True, True, True, True, True, True, True, True, True, True, True, True, True, True, True, True, True, True, True, True, True, True, True, True, True, True, True, True, True, True, True, True, True, True, True, True, True, True, True, True, True, True, True, True, True, True, True, True, True, True, True, True, True, True, True, True, True, True, True, True, True, True, True, True, True, True, True, True, True, True, True, True, True, True, True, True, True, True, True, True, True, True, True, True, True, True, True, True, True, True, True, True, True, True, True, True, True, True, True, True, True, True, True, True, True, False]","['O', 'O', 'O', 'O', 'O', 'O', 'O', 'O', 'O', 'O', 'B-NAME_STUDENT', 'I-NAME_STUDENT', 'O', 'O', 'O', 'O', 'O', 'O', 'O', 'O', 'O', 'O', 'O', 'O', 'O', 'O', 'O', 'O', 'O', 'O', 'O', 'O', 'O', 'O', 'O', 'O', 'O', 'O', 'O', 'O', 'O', 'O', 'O', 'O', 'O', 'O', 'O', 'O', 'O', 'O', 'O', 'O', 'O', 'O', 'O', 'O', 'O', 'O', 'O', 'O', 'O', 'O', 'O', 'O', 'O', 'O', 'O', 'O', 'O', 'O', 'O', 'O', 'O', 'O', 'O', 'O', 'O', 'O', 'O', 'O', 'O', 'O', 'O', 'O', 'O', 'O', 'O', 'O', 'O', 'O', 'O', 'O', 'O', 'O', 'O', 'O', 'O', 'O', 'O', 'O', 'O', 'O', 'O', 'O', 'O', 'O', 'O', 'O', 'O', 'O', 'O', 'O', 'O', 'O', 'O', 'O', 'O', 'O', 'O', 'O', 'O', 'O', 'O', 'O', 'O', 'O', 'O', 'O', 'O', 'O', 'O', 'O', 'O', 'O', 'O', 'O', 'O', 'O', 'O', 'O', 'O', 'O', 'O', 'O', 'O', 'O', 'O', 'O', 'O', 'O', 'O', 'O', 'O', 'O', 'O', 'O', 'O', 'O', 'O', 'O', 'O', 'O', 'O', 'O', 'O', 'O', 'O', 'O', 'O', 'O', 'O', 'O', 'O', 'O', 'O', 'O', 'O', 'O', 'O', 'O', 'O', 'O', 'O', 'O', 'O', 'O', 'O', 'O', 'O', 'O', 'O', 'O', 'O', 'O', 'O', 'O', 'O', 'O', 'O', 'O', 'O', 'O', 'O', 'O', 'O', 'O', 'O', 'O', 'O', 'O', 'O', 'O', 'O', 'O', 'O', 'O', 'O', 'O', 'O', 'O', 'O', 'O', 'O', 'O', 'O', 'O', 'O', 'O', 'O', 'O', 'O', 'O', 'O', 'O', 'O', 'O', 'O', 'O', 'O', 'O', 'O', 'O', 'O', 'O', 'O', 'O', 'O', 'O', 'O', 'O', 'O', 'O', 'O', 'O', 'O', 'O', 'O', 'O', 'O', 'O', 'O', 'O', 'O', 'O', 'O', 'O', 'O', 'O', 'O', 'O', 'O', 'O', 'O', 'O', 'O', 'O', 'O', 'O', 'O', 'O', 'O', 'O', 'O', 'O', 'O', 'O', 'O', 'O', 'O', 'O', 'O', 'O', 'O', 'O', 'O', 'O', 'O', 'O', 'O', 'O', 'O', 'O', 'O', 'O', 'O', 'O', 'O', 'O', 'O', 'O', 'O', 'O', 'O', 'O', 'O', 'O', 'O', 'O', 'O', 'O', 'O', 'O', 'O', 'O', 'O', 'O', 'O', 'O', 'O', 'O', 'O', 'O', 'O', 'O', 'O', 'O', 'O', 'O', 'O', 'O', 'O', 'O', 'O', 'O', 'O', 'O', 'O', 'O', 'O', 'O', 'O', 'O', 'O', 'O', 'O', 'O', 'O', 'O', 'O', 'O', 'O', 'O', 'O', 'O', 'O', 'O', 'O', 'O', 'O', 'O', 'O', 'O', 'O', 'O', 'O', 'O', 'O', 'O', 'O', 'B-NAME_STUDENT', 'I-NAME_STUDENT', 'B-PHONE_NUM', 'I-PHONE_NUM', 'I-PHONE_NUM', 'B-EMAIL', 'B-STREET_ADDRESS', 'I-STREET_ADDRESS', 'I-STREET_ADDRESS']","
    Guo Weber is a business analyst with 6 years of experience. Write a detailed example in first person of a job-related project he/her did in the past. Add the following information about him/her randomly inside the text: name is Guo Weber, phone number is 0953 350 216, email is guo.weber@yahoo.com, hobby is Mixology, address is 9106 Ellis Way.
    ",1,Guo Weber,guo.weber@yahoo.com,0953 350 216,business analyst,9106 Ellis Way,,,Mixology,388
58ab7247-5aee-427d-94b5-4135ff64a41f,"As a seasoned barber with 18 years of experience, I can vividly recall a job-related project that stands out as a testament to my dedication to the craft. I'm Shen Ma, and you can reach me at (48) 96198-7145 or via email at shenma@aol.gov. My passion for hair styling and grooming has been a driving force throughout my career. It all started when a regular client, a prominent businessman named Mr. Harrison, expressed his desire for a transformative haircut and beard trim that would elevate his professional image. Inspired by the challenge, I embarked on a meticulous consultation process, carefully listening to Mr. Harrison's preferences and understanding his facial structure and hair type. With a vision in mind, I skillfully wielded my tools, creating a modern and sharp undercut that complemented Mr. Harrison's strong jawline. To accentuate his beard, I meticulously trimmed and shaped it, giving it a defined and polished look. The end result was a remarkable transformation that exuded confidence and sophistication. Upon seeing his new look in the mirror, Mr. Harrison couldn't contain his excitement. He thanked me profusely, expressing how the haircut and beard trim had not only exceeded his expectations but also boosted his self-esteem. The satisfaction I derived from witnessing his joy and witnessing the positive impact of my work reinforced my passion for the profession. Outside of my professional life, I find solace in the hobby of Related. Whether it's cooking, painting, or exploring new music, I relish the opportunity to express my creativity and broaden my horizons. At home, you can find me at 6418 Iris Way, where I enjoy spending time with my family and pursuing my personal interests. Reflecting on this project, I am reminded of the immense pride I take in my work. The ability to transform someone's appearance and boost their confidence through the art of barbering is truly fulfilling. It's these moments that continue to fuel my passion and dedication to the craft.","['As', 'a', 'seasoned', 'barber', 'with', '18', 'years', 'of', 'experience,', 'I', 'can', 'vividly', 'recall', 'a', 'job-related', 'project', 'that', 'stands', 'out', 'as', 'a', 'testament', 'to', 'my', 'dedication', 'to', 'the', 'craft.', ""I'm"", 'Shen', 'Ma,', 'and', 'you', 'can', 'reach', 'me', 'at', '(48)', '96198-7145', 'or', 'via', 'email', 'at', 'shenma@aol.gov.', 'My', 'passion', 'for', 'hair', 'styling', 'and', 'grooming', 'has', 'been', 'a', 'driving', 'force', 'throughout', 'my', 'career.', 'It', 'all', 'started', 'when', 'a', 'regular', 'client,', 'a', 'prominent', 'businessman', 'named', 'Mr.', 'Harrison,', 'expressed', 'his', 'desire', 'for', 'a', 'transformative', 'haircut', 'and', 'beard', 'trim', 'that', 'would', 'elevate', 'his', 'professional', 'image.', 'Inspired', 'by', 'the', 'challenge,', 'I', 'embarked', 'on', 'a', 'meticulous', 'consultation', 'process,', 'carefully', 'listening', 'to', 'Mr.', ""Harrison's"", 'preferences', 'and', 'understanding', 'his', 'facial', 'structure', 'and', 'hair', 'type.', 'With', 'a', 'vision', 'in', 'mind,', 'I', 'skillfully', 'wielded', 'my', 'tools,', 'creating', 'a', 'modern', 'and', 'sharp', 'undercut', 'that', 'complemented', 'Mr.', ""Harrison's"", 'strong', 'jawline.', 'To', 'accentuate', 'his', 'beard,', 'I', 'meticulously', 'trimmed', 'and', 'shaped', 'it,', 'giving', 'it', 'a', 'defined', 'and', 'polished', 'look.', 'The', 'end', 'result', 'was', 'a', 'remarkable', 'transformation', 'that', 'exuded', 'confidence', 'and', 'sophistication.', 'Upon', 'seeing', 'his', 'new', 'look', 'in', 'the', 'mirror,', 'Mr.', 'Harrison', ""couldn't"", 'contain', 'his', 'excitement.', 'He', 'thanked', 'me', 'profusely,', 'expressing', 'how', 'the', 'haircut', 'and', 'beard', 'trim', 'had', 'not', 'only', 'exceeded', 'his', 'expectations', 'but', 'also', 'boosted', 'his', 'self-esteem.', 'The', 'satisfaction', 'I', 'derived', 'from', 'witnessing', 'his', 'joy', 'and', 'witnessing', 'the', 'positive', 'impact', 'of', 'my', 'work', 'reinforced', 'my', 'passion', 'for', 'the', 'profession.', 'Outside', 'of', 'my', 'professional', 'life,', 'I', 'find', 'solace', 'in', 'the', 'hobby', 'of', 'Related.', 'Whether', ""it's"", 'cooking,', 'painting,', 'or', 'exploring', 'new', 'music,', 'I', 'relish', 'the', 'opportunity', 'to', 'express', 'my', 'creativity', 'and', 'broaden', 'my', 'horizons.', 'At', 'home,', 'you', 'can', 'find', 'me', 'at', '6418', 'Iris', 'Way,', 'where', 'I', 'enjoy', 'spending', 'time', 'with', 'my', 'family', 'and', 'pursuing', 'my', 'personal', 'interests.', 'Reflecting', 'on', 'this', 'project,', 'I', 'am', 'reminded', 'of', 'the', 'immense', 'pride', 'I', 'take', 'in', 'my', 'work.', 'The', 'ability', 'to', 'transform', ""someone's"", 'appearance', 'and', 'boost', 'their', 'confidence', 'through', 'the', 'art', 'of', 'barbering', 'is', 'truly', 'fulfilling.', ""It's"", 'these', 'moments', 'that', 'continue', 'to', 'fuel', 'my', 'passion', 'and', 'dedication', 'to', 'the', 'craft.']","[True, True, True, True, True, True, True, True, True, True, True, True, True, True, True, True, True, True, True, True, True, True, True, True, True, True, True, True, True, True, True, True, True, True, True, True, True, True, True, True, True, True, True, True, True, True, True, True, True, True, True, True, True, True, True, True, True, True, True, True, True, True, True, True, True, True, True, True, True, True, True, True, True, True, True, True, True, True, True, True, True, True, True, True, True, True, True, True, True, True, True, True, True, True, True, True, True, True, True, True, True, True, True, True, True, True, True, True, True, True, True, True, True, True, True, True, True, True, True, True, True, True, True, True, True, True, True, True, True, True, True, True, True, True, True, True, True, True, True, True, True, True, True, True, True, True, True, True, True, True, True, True, True, True, True, True, True, True, True, True, True, True, True, True, True, True, True, True, True, True, True, True, True, True, True, True, True, True, True, True, True, True, True, True, True, True, True, True, True, True, True, True, True, True, True, True, True, True, True, True, True, True, True, True, True, True, True, True, True, True, True, True, True, True, True, True, True, True, True, True, True, True, True, True, True, True, True, True, True, True, True, True, True, True, True, True, True, True, True, True, True, True, True, True, True, True, True, True, True, True, True, True, True, True, True, True, True, True, True, True, True, True, True, True, True, True, True, True, True, True, True, True, True, True, True, True, True, True, True, True, True, True, True, True, True, True, True, True, True, True, True, True, True, True, True, True, True, True, True, True, True, True, True, True, True, True, True, True, True, True, True, True, True, True, True, True, True, True, True, True, True, True, True, True, True, False]","['O', 'O', 'O', 'O', 'O', 'O', 'O', 'O', 'O', 'O', 'O', 'O', 'O', 'O', 'O', 'O', 'O', 'O', 'O', 'O', 'O', 'O', 'O', 'O', 'O', 'O', 'O', 'O', 'O', 'B-NAME_STUDENT', 'I-NAME_STUDENT', 'O', 'O', 'O', 'O', 'O', 'O', 'B-PHONE_NUM', 'I-PHONE_NUM', 'O', 'O', 'O', 'O', 'B-EMAIL', 'O', 'O', 'O', 'O', 'O', 'O', 'O', 'O', 'O', 'O', 'O', 'O', 'O', 'O', 'O', 'O', 'O', 'O', 'O', 'O', 'O', 'O', 'O', 'O', 'O', 'O', 'O', 'O', 'O', 'O', 'O', 'O', 'O', 'O', 'O', 'O', 'O', 'O', 'O', 'O', 'O', 'O', 'O', 'O', 'O', 'O', 'O', 'O', 'O', 'O', 'O', 'O', 'O', 'O', 'O', 'O', 'O', 'O', 'O', 'O', 'O', 'O', 'O', 'O', 'O', 'O', 'O', 'O', 'O', 'O', 'O', 'O', 'O', 'O', 'O', 'O', 'O', 'O', 'O', 'O', 'O', 'O', 'O', 'O', 'O', 'O', 'O', 'O', 'O', 'O', 'O', 'O', 'O', 'O', 'O', 'O', 'O', 'O', 'O', 'O', 'O', 'O', 'O', 'O', 'O', 'O', 'O', 'O', 'O', 'O', 'O', 'O', 'O', 'O', 'O', 'O', 'O', 'O', 'O', 'O', 'O', 'O', 'O', 'O', 'O', 'O', 'O', 'O', 'O', 'O', 'O', 'O', 'O', 'O', 'O', 'O', 'O', 'O', 'O', 'O', 'O', 'O', 'O', 'O', 'O', 'O', 'O', 'O', 'O', 'O', 'O', 'O', 'O', 'O', 'O', 'O', 'O', 'O', 'O', 'O', 'O', 'O', 'O', 'O', 'O', 'O', 'O', 'O', 'O', 'O', 'O', 'O', 'O', 'O', 'O', 'O', 'O', 'O', 'O', 'O', 'O', 'O', 'O', 'O', 'O', 'O', 'O', 'O', 'O', 'O', 'O', 'O', 'O', 'O', 'O', 'O', 'O', 'O', 'O', 'O', 'O', 'O', 'O', 'O', 'O', 'O', 'O', 'O', 'O', 'O', 'O', 'O', 'O', 'O', 'O', 'O', 'O', 'O', 'B-STREET_ADDRESS', 'I-STREET_ADDRESS', 'I-STREET_ADDRESS', 'O', 'O', 'O', 'O', 'O', 'O', 'O', 'O', 'O', 'O', 'O', 'O', 'O', 'O', 'O', 'O', 'O', 'O', 'O', 'O', 'O', 'O', 'O', 'O', 'O', 'O', 'O', 'O', 'O', 'O', 'O', 'O', 'O', 'O', 'O', 'O', 'O', 'O', 'O', 'O', 'O', 'O', 'O', 'O', 'O', 'O', 'O', 'O', 'O', 'O', 'O', 'O', 'O', 'O', 'O', 'O', 'O', 'O', 'O', 'O', 'O']","
    Shen Ma is a barber with 18 years of experience. Write a detailed example in first person of a job-related project he/her did in the past. Add the following information about him/her randomly inside the text: name is Shen Ma, phone number is (48) 96198-7145, email is shenma@aol.gov, hobby is Related, address is 6418 Iris Way.
    ",1,Shen Ma,shenma@aol.gov,(48) 96198-7145,barber,6418 Iris Way,,,Related,326
